t1,ch1,t2,ch2
-0.00075,2.9903987503051757,-0.000749875,1.599055814743042
-0.000749,2.9903987503051757,-0.000748875,1.6189856243133547
-0.000748,2.975474739074707,-0.000747875,1.5890909099578858
-0.0007469999999999999,2.9655253982543943,-0.0007468749999999999,1.5890909099578858
-0.0007459999999999999,2.9605507278442382,-0.0007458749999999999,1.599055814743042
-0.000745,2.9705000686645504,-0.000744875,1.6040382671356204
-0.000744,2.975474739074707,-0.000743875,1.6189856243133547
-0.000743,2.9705000686645504,-0.0007428749999999999,1.6090207195281985
-0.0007419999999999999,2.980449409484863,-0.0007418749999999999,1.6189856243133547
-0.000741,2.9655253982543943,-0.000740875,1.6090207195281985
-0.00074,2.980449409484863,-0.000739875,1.599055814743042
-0.000739,2.9605507278442382,-0.000738875,1.6189856243133547
-0.0007379999999999999,2.9903987503051757,-0.0007378749999999999,1.599055814743042
-0.0007369999999999999,2.9705000686645504,-0.0007368749999999999,1.6040382671356204
-0.000736,2.980449409484863,-0.000735875,1.6040382671356204
-0.000735,2.9605507278442382,-0.000734875,1.6040382671356204
-0.000734,2.9555760574340817,-0.0007338749999999999,1.6040382671356204
-0.0007329999999999999,2.9655253982543943,-0.0007328749999999999,1.599055814743042
-0.000732,2.9854240798950196,-0.000731875,1.6239680767059328
-0.000731,2.9555760574340817,-0.000730875,1.6189856243133547
-0.00073,2.9854240798950196,-0.000729875,1.594073362350464
-0.0007289999999999999,2.9705000686645504,-0.0007288749999999999,1.6140031719207766
-0.0007279999999999999,2.9655253982543943,-0.0007278749999999999,1.6040382671356204
-0.000727,2.975474739074707,-0.000726875,1.594073362350464
-0.000726,2.980449409484863,-0.000725875,1.6090207195281985
-0.000725,2.9605507278442382,-0.0007248749999999999,1.6189856243133547
-0.0007239999999999999,2.9655253982543943,-0.0007238749999999999,1.6239680767059328
-0.000723,2.975474739074707,-0.000722875,1.599055814743042
-0.000722,2.9705000686645504,-0.000721875,1.6189856243133547
-0.000721,2.980449409484863,-0.0007208749999999999,1.594073362350464
-0.0007199999999999999,2.9555760574340817,-0.0007198749999999999,1.6090207195281985
-0.000719,2.9854240798950196,-0.000718875,1.6140031719207766
-0.000718,2.9854240798950196,-0.000717875,1.5841084575653077
-0.000717,2.9655253982543943,-0.000716875,1.6040382671356204
-0.000716,2.9854240798950196,-0.0007158749999999999,1.6090207195281985
-0.0007149999999999999,2.9903987503051757,-0.0007148749999999999,1.599055814743042
-0.000714,2.9705000686645504,-0.000713875,1.6090207195281985
-0.000713,2.9605507278442382,-0.000712875,1.6040382671356204
-0.000712,2.9953734207153317,-0.0007118749999999999,1.6040382671356204
-0.0007109999999999999,2.975474739074707,-0.0007108749999999999,1.6090207195281985
-0.00071,2.975474739074707,-0.000709875,1.599055814743042
-0.000709,2.980449409484863,-0.000708875,1.6140031719207766
-0.000708,2.9655253982543943,-0.000707875,1.6140031719207766
-0.000707,2.9705000686645504,-0.0007068749999999999,1.6239680767059328
-0.0007059999999999999,2.980449409484863,-0.0007058749999999999,1.6040382671356204
-0.000705,2.9655253982543943,-0.000704875,1.6040382671356204
-0.000704,2.9605507278442382,-0.000703875,1.594073362350464
-0.000703,2.9705000686645504,-0.0007028749999999999,1.6239680767059328
-0.0007019999999999999,2.9655253982543943,-0.0007018749999999999,1.5841084575653077
-0.000701,2.9705000686645504,-0.000700875,1.594073362350464
-0.0007,2.9705000686645504,-0.000699875,1.6239680767059328
-0.000699,2.9655253982543943,-0.000698875,1.599055814743042
-0.0006979999999999999,2.9705000686645504,-0.0006978749999999999,1.599055814743042
-0.0006969999999999999,2.9605507278442382,-0.0006968749999999999,1.6140031719207766
-0.000696,2.980449409484863,-0.000695875,1.6040382671356204
-0.000695,2.9705000686645504,-0.000694875,1.599055814743042
-0.000694,2.9655253982543943,-0.0006938749999999999,1.6140031719207766
-0.0006929999999999999,2.9705000686645504,-0.0006928749999999999,1.594073362350464
-0.000692,2.9555760574340817,-0.000691875,1.594073362350464
-0.000691,2.9705000686645504,-0.000690875,1.599055814743042
-0.00069,2.975474739074707,-0.000689875,1.6040382671356204
-0.0006889999999999999,2.9705000686645504,-0.0006888749999999999,1.6090207195281985
-0.0006879999999999999,2.980449409484863,-0.0006878749999999999,1.6090207195281985
-0.000687,3.0003480911254883,-0.000686875,1.599055814743042
-0.000686,2.980449409484863,-0.000685875,1.6140031719207766
-0.000685,2.980449409484863,-0.0006848749999999999,1.6239680767059328
-0.0006839999999999999,2.975474739074707,-0.0006838749999999999,1.599055814743042
-0.000683,2.975474739074707,-0.000682875,1.594073362350464
-0.000682,2.975474739074707,-0.000681875,1.6189856243133547
-0.000681,2.9655253982543943,-0.000680875,1.6040382671356204
-0.0006799999999999999,2.9903987503051757,-0.0006798749999999999,1.5890909099578858
-0.0006789999999999999,2.9854240798950196,-0.0006788749999999999,1.6040382671356204
-0.000678,2.9655253982543943,-0.000677875,1.594073362350464
-0.000677,2.975474739074707,-0.000676875,1.6090207195281985
-0.000676,2.9655253982543943,-0.0006758749999999999,1.599055814743042
-0.0006749999999999999,2.980449409484863,-0.0006748749999999999,1.6040382671356204
-0.000674,2.980449409484863,-0.000673875,1.6189856243133547
-0.000673,2.9854240798950196,-0.000672875,1.599055814743042
-0.000672,2.9605507278442382,-0.000671875,1.594073362350464
-0.0006709999999999999,2.980449409484863,-0.0006708749999999999,1.6140031719207766
-0.00067,2.9655253982543943,-0.000669875,1.6040382671356204
-0.000669,2.975474739074707,-0.000668875,1.6189856243133547
-0.000668,2.980449409484863,-0.000667875,1.599055814743042
-0.000667,2.9655253982543943,-0.0006668749999999999,1.6040382671356204
-0.0006659999999999999,2.975474739074707,-0.0006658749999999999,1.594073362350464
-0.000665,2.9854240798950196,-0.000664875,1.6090207195281985
-0.000664,2.9555760574340817,-0.000663875,1.6040382671356204
-0.000663,2.980449409484863,-0.0006628749999999999,1.599055814743042
-0.0006619999999999999,2.9655253982543943,-0.0006618749999999999,1.6090207195281985
-0.000661,2.9903987503051757,-0.000660875,1.599055814743042
-0.00066,2.9705000686645504,-0.000659875,1.599055814743042
-0.000659,2.9605507278442382,-0.000658875,1.6090207195281985
-0.000658,2.975474739074707,-0.0006578749999999999,1.6090207195281985
-0.0006569999999999999,2.980449409484863,-0.0006568749999999999,1.6040382671356204
-0.000656,2.9705000686645504,-0.000655875,1.6040382671356204
-0.000655,2.9605507278442382,-0.000654875,1.6090207195281985
-0.000654,2.975474739074707,-0.0006538749999999999,1.6040382671356204
-0.0006529999999999999,2.975474739074707,-0.0006528749999999999,1.594073362350464
-0.000652,2.9605507278442382,-0.000651875,1.6040382671356204
-0.000651,2.975474739074707,-0.000650875,1.6239680767059328
-0.00065,2.9655253982543943,-0.000649875,1.6140031719207766
-0.000649,2.9953734207153317,-0.0006488749999999999,1.6090207195281985
-0.0006479999999999999,2.9705000686645504,-0.0006478749999999999,1.6040382671356204
-0.000647,2.9854240798950196,-0.000646875,1.599055814743042
-0.000646,2.9655253982543943,-0.000645875,1.6040382671356204
-0.000645,2.975474739074707,-0.0006448749999999999,1.6189856243133547
-0.0006439999999999999,2.9655253982543943,-0.0006438749999999999,1.6040382671356204
-0.000643,2.975474739074707,-0.000642875,1.6140031719207766
-0.000642,2.9705000686645504,-0.000641875,1.5890909099578858
-0.000641,2.975474739074707,-0.000640875,1.6189856243133547
-0.0006399999999999999,2.9605507278442382,-0.0006398749999999999,1.599055814743042
-0.0006389999999999999,2.9655253982543943,-0.0006388749999999999,1.599055814743042
-0.000638,2.975474739074707,-0.000637875,1.6040382671356204
-0.000637,2.9605507278442382,-0.000636875,1.6040382671356204
-0.000636,2.9655253982543943,-0.0006358749999999999,1.6140031719207766
-0.0006349999999999999,2.9655253982543943,-0.0006348749999999999,1.599055814743042
-0.000634,2.9555760574340817,-0.000633875,1.6040382671356204
-0.000633,2.9605507278442382,-0.000632875,1.6040382671356204
-0.000632,2.9555760574340817,-0.000631875,1.6040382671356204
-0.0006309999999999999,2.9655253982543943,-0.0006308749999999999,1.599055814743042
-0.0006299999999999999,2.9903987503051757,-0.0006298749999999999,1.594073362350464
-0.000629,3.0003480911254883,-0.000628875,1.6040382671356204
-0.000628,2.9854240798950196,-0.000627875,1.599055814743042
-0.000627,2.9854240798950196,-0.0006268749999999999,1.6189856243133547
-0.0006259999999999999,2.9705000686645504,-0.0006258749999999999,1.6040382671356204
-0.000625,2.980449409484863,-0.000624875,1.6140031719207766
-0.000624,2.9655253982543943,-0.000623875,1.6040382671356204
-0.000623,2.9903987503051757,-0.000622875,1.6090207195281985
-0.0006219999999999999,2.980449409484863,-0.0006218749999999999,1.599055814743042
-0.000621,2.980449409484863,-0.000620875,1.6090207195281985
-0.00062,2.9705000686645504,-0.000619875,1.6040382671356204
-0.000619,2.9605507278442382,-0.000618875,1.599055814743042
-0.000618,2.980449409484863,-0.0006178749999999999,1.6140031719207766
-0.0006169999999999999,3.0003480911254883,-0.0006168749999999999,1.6140031719207766
-0.000616,2.9655253982543943,-0.000615875,1.5890909099578858
-0.000615,2.9854240798950196,-0.000614875,1.594073362350464
-0.000614,2.9655253982543943,-0.000613875,1.6189856243133547
-0.0006129999999999999,2.975474739074707,-0.0006128749999999999,1.6140031719207766
-0.000612,2.9605507278442382,-0.000611875,1.6040382671356204
-0.000611,2.980449409484863,-0.000610875,1.6140031719207766
-0.00061,2.9605507278442382,-0.000609875,1.599055814743042
-0.000609,2.9705000686645504,-0.0006088749999999999,1.6189856243133547
-0.0006079999999999999,2.9655253982543943,-0.0006078749999999999,1.6090207195281985
-0.000607,2.975474739074707,-0.000606875,1.6090207195281985
-0.000606,2.9705000686645504,-0.000605875,1.6040382671356204
-0.000605,2.975474739074707,-0.0006048749999999999,1.6040382671356204
-0.0006039999999999999,2.9903987503051757,-0.0006038749999999999,1.6090207195281985
-0.000603,2.975474739074707,-0.000602875,1.6090207195281985
-0.000602,2.9854240798950196,-0.000601875,1.6090207195281985
-0.000601,2.9705000686645504,-0.000600875,1.594073362350464
-0.0006,2.9854240798950196,-0.0005998749999999999,1.5890909099578858
-0.0005989999999999999,2.980449409484863,-0.0005988749999999999,1.628950529098511
-0.000598,2.9854240798950196,-0.000597875,1.6239680767059328
-0.000597,2.9903987503051757,-0.000596875,1.6140031719207766
-0.000596,2.980449409484863,-0.0005958749999999999,1.6040382671356204
-0.0005949999999999999,2.9655253982543943,-0.0005948749999999999,1.6040382671356204
-0.000594,2.975474739074707,-0.000593875,1.6090207195281985
-0.000593,2.9655253982543943,-0.000592875,1.6040382671356204
-0.000592,2.9655253982543943,-0.000591875,1.6090207195281985
-0.0005909999999999999,2.9903987503051757,-0.0005908749999999999,1.594073362350464
-0.0005899999999999999,2.9705000686645504,-0.0005898749999999999,1.6090207195281985
-0.000589,2.9655253982543943,-0.000588875,1.6140031719207766
-0.000588,2.9605507278442382,-0.000587875,1.6189856243133547
-0.000587,2.9655253982543943,-0.0005868749999999999,1.599055814743042
-0.0005859999999999999,2.975474739074707,-0.0005858749999999999,1.6040382671356204
-0.000585,2.9854240798950196,-0.000584875,1.599055814743042
-0.000584,2.9605507278442382,-0.000583875,1.6140031719207766
-0.000583,2.9655253982543943,-0.000582875,1.6090207195281985
-0.0005819999999999999,2.9705000686645504,-0.0005818749999999999,1.6189856243133547
-0.000581,2.9854240798950196,-0.000580875,1.6090207195281985
-0.00058,2.980449409484863,-0.000579875,1.6140031719207766
-0.000579,2.9705000686645504,-0.000578875,1.6040382671356204
-0.000578,2.9705000686645504,-0.0005778749999999999,1.6090207195281985
-0.0005769999999999999,2.9854240798950196,-0.0005768749999999999,1.6140031719207766
-0.000576,2.9705000686645504,-0.000575875,1.6040382671356204
-0.000575,2.975474739074707,-0.000574875,1.6090207195281985
-0.000574,2.9456267166137695,-0.000573875,1.6040382671356204
-0.0005729999999999999,2.975474739074707,-0.0005728749999999999,1.6140031719207766
-0.000572,2.980449409484863,-0.000571875,1.594073362350464
-0.000571,2.9705000686645504,-0.000570875,1.5890909099578858
-0.00057,2.975474739074707,-0.000569875,1.594073362350464
-0.000569,2.9605507278442382,-0.0005688749999999999,1.6040382671356204
-0.0005679999999999999,2.9555760574340817,-0.0005678749999999999,1.628950529098511
-0.000567,2.9705000686645504,-0.000566875,1.6140031719207766
-0.000566,2.975474739074707,-0.000565875,1.6040382671356204
-0.000565,2.975474739074707,-0.000564875,1.6090207195281985
-0.0005639999999999999,2.975474739074707,-0.0005638749999999999,1.594073362350464
-0.000563,2.975474739074707,-0.000562875,1.594073362350464
-0.000562,2.9555760574340817,-0.000561875,1.599055814743042
-0.000561,2.9705000686645504,-0.000560875,1.6090207195281985
-0.00056,2.975474739074707,-0.0005598749999999999,1.599055814743042
-0.0005589999999999999,2.9605507278442382,-0.0005588749999999999,1.6090207195281985
-0.000558,2.980449409484863,-0.000557875,1.6090207195281985
-0.000557,2.9605507278442382,-0.000556875,1.594073362350464
-0.000556,2.9506013870239256,-0.0005558749999999999,1.6090207195281985
-0.0005549999999999999,2.9705000686645504,-0.0005548749999999999,1.6040382671356204
-0.000554,2.9655253982543943,-0.000553875,1.6140031719207766
-0.000553,2.975474739074707,-0.000552875,1.6189856243133547
-0.000552,2.975474739074707,-0.000551875,1.6090207195281985
-0.000551,2.9655253982543943,-0.0005508749999999999,1.5890909099578858
-0.0005499999999999999,2.980449409484863,-0.0005498749999999999,1.5890909099578858
-0.000549,2.9705000686645504,-0.000548875,1.594073362350464
-0.000548,2.980449409484863,-0.000547875,1.6140031719207766
-0.000547,2.9705000686645504,-0.0005468749999999999,1.6090207195281985
-0.0005459999999999999,2.9705000686645504,-0.0005458749999999999,1.5890909099578858
-0.000545,2.9555760574340817,-0.000544875,1.6189856243133547
-0.000544,2.9655253982543943,-0.000543875,1.599055814743042
-0.000543,2.9555760574340817,-0.000542875,1.599055814743042
-0.000542,2.9506013870239256,-0.0005418749999999999,1.5890909099578858
-0.0005409999999999999,2.9655253982543943,-0.0005408749999999999,1.599055814743042
-0.00054,2.980449409484863,-0.000539875,1.6090207195281985
-0.000539,2.9854240798950196,-0.000538875,1.599055814743042
-0.000538,2.9605507278442382,-0.0005378749999999999,1.6090207195281985
-0.0005369999999999999,2.9605507278442382,-0.0005368749999999999,1.594073362350464
-0.000536,2.9705000686645504,-0.000535875,1.6040382671356204
-0.000535,2.9705000686645504,-0.000534875,1.599055814743042
-0.000534,2.9705000686645504,-0.000533875,1.599055814743042
-0.0005329999999999999,2.9705000686645504,-0.0005328749999999999,1.5890909099578858
-0.000532,2.980449409484863,-0.000531875,1.6040382671356204
-0.000531,2.9605507278442382,-0.000530875,1.6090207195281985
-0.00053,2.975474739074707,-0.000529875,1.594073362350464
-0.000529,2.975474739074707,-0.0005288749999999999,1.6090207195281985
-0.0005279999999999999,2.975474739074707,-0.0005278749999999999,1.6189856243133547
-0.000527,2.975474739074707,-0.000526875,1.6040382671356204
-0.000526,2.980449409484863,-0.000525875,1.6239680767059328
-0.000525,2.9705000686645504,-0.000524875,1.6040382671356204
-0.0005239999999999999,2.9903987503051757,-0.0005238749999999999,1.6090207195281985
-0.000523,2.9655253982543943,-0.000522875,1.6189856243133547
-0.000522,2.9854240798950196,-0.000521875,1.6140031719207766
-0.000521,2.9655253982543943,-0.000520875,1.599055814743042
-0.00052,2.9705000686645504,-0.0005198749999999999,1.6040382671356204
-0.0005189999999999999,2.9705000686645504,-0.0005188749999999999,1.599055814743042
-0.000518,2.975474739074707,-0.000517875,1.599055814743042
-0.000517,2.9655253982543943,-0.000516875,1.6090207195281985
-0.000516,2.9705000686645504,-0.000515875,1.6090207195281985
-0.0005149999999999999,2.9655253982543943,-0.0005148749999999999,1.599055814743042
-0.000514,2.975474739074707,-0.000513875,1.6090207195281985
-0.000513,2.9705000686645504,-0.000512875,1.6090207195281985
-0.000512,2.9655253982543943,-0.000511875,1.6090207195281985
-0.000511,2.9705000686645504,-0.0005108749999999999,1.6040382671356204
-0.0005099999999999999,2.980449409484863,-0.0005098749999999999,1.5890909099578858
-0.000509,2.980449409484863,-0.000508875,1.6090207195281985
-0.000508,2.9705000686645504,-0.000507875,1.5791260051727296
-0.000507,2.9605507278442382,-0.000506875,1.5841084575653077
-0.0005059999999999999,2.9655253982543943,-0.0005058749999999999,1.6140031719207766
-0.000505,2.975474739074707,-0.000504875,1.6040382671356204
-0.000504,2.9705000686645504,-0.000503875,1.6090207195281985
-0.000503,2.980449409484863,-0.000502875,1.6189856243133547
-0.000502,2.9605507278442382,-0.0005018749999999999,1.6140031719207766
-0.0005009999999999999,2.9655253982543943,-0.0005008749999999999,1.594073362350464
-0.0005,2.9555760574340817,-0.000499875,1.6040382671356204
-0.000499,2.9854240798950196,-0.000498875,1.6140031719207766
-0.000498,2.9705000686645504,-0.0004978749999999999,1.6239680767059328
-0.0004969999999999999,2.9605507278442382,-0.0004968749999999999,1.599055814743042
-0.000496,2.9655253982543943,-0.000495875,1.6090207195281985
-0.000495,2.9705000686645504,-0.000494875,1.5841084575653077
-0.000494,2.9605507278442382,-0.000493875,1.599055814743042
-0.000493,2.9655253982543943,-0.0004928749999999999,1.6090207195281985
-0.0004919999999999999,2.9655253982543943,-0.0004918749999999999,1.6090207195281985
-0.000491,2.9555760574340817,-0.000490875,1.6189856243133547
-0.00049,2.9705000686645504,-0.000489875,1.6090207195281985
-0.000489,2.975474739074707,-0.0004888749999999999,1.6090207195281985
-0.000488,2.980449409484863,-0.000487875,1.6040382671356204
-0.00048699999999999997,2.9854240798950196,-0.00048687499999999995,1.6040382671356204
-0.000486,2.9854240798950196,-0.000485875,1.6239680767059328
-0.00048499999999999997,2.975474739074707,-0.00048487499999999995,1.594073362350464
-0.000484,2.9705000686645504,-0.000483875,1.6090207195281985
-0.000483,2.9903987503051757,-0.00048287499999999996,1.6189856243133547
-0.00048199999999999995,2.980449409484863,-0.00048187499999999994,1.5890909099578858
-0.000481,2.9854240798950196,-0.00048087499999999997,1.6090207195281985
-0.00047999999999999996,2.9953734207153317,-0.00047987499999999994,1.6090207195281985
-0.000479,2.9705000686645504,-0.00047887499999999997,1.6140031719207766
-0.00047799999999999996,2.9555760574340817,-0.00047787499999999995,1.6239680767059328
-0.000477,2.975474739074707,-0.000476875,1.6140031719207766
-0.00047599999999999997,2.9854240798950196,-0.00047587499999999995,1.6090207195281985
-0.000475,2.9854240798950196,-0.000474875,1.6140031719207766
-0.000474,2.9655253982543943,-0.00047387499999999996,1.6090207195281985
-0.000473,2.9555760574340817,-0.000472875,1.6090207195281985
-0.000472,2.980449409484863,-0.00047187499999999996,1.5841084575653077
-0.00047099999999999996,2.975474739074707,-0.00047087499999999994,1.6090207195281985
-0.00047,2.9854240798950196,-0.00046987499999999997,1.6090207195281985
-0.00046899999999999996,2.9555760574340817,-0.00046887499999999995,1.6040382671356204
-0.000468,2.9655253982543943,-0.000467875,1.6040382671356204
-0.00046699999999999997,2.9655253982543943,-0.00046687499999999995,1.6040382671356204
-0.000466,2.9605507278442382,-0.000465875,1.6090207195281985
-0.00046499999999999997,2.9655253982543943,-0.00046487499999999996,1.599055814743042
-0.000464,2.9605507278442382,-0.000463875,1.599055814743042
-0.000463,2.9655253982543943,-0.00046287499999999996,1.6040382671356204
-0.00046199999999999995,2.975474739074707,-0.00046187499999999994,1.5890909099578858
-0.000461,2.975474739074707,-0.00046087499999999997,1.5890909099578858
-0.00045999999999999996,2.9605507278442382,-0.00045987499999999994,1.6090207195281985
-0.000459,2.9605507278442382,-0.000458875,1.6090207195281985
-0.00045799999999999997,2.9854240798950196,-0.00045787499999999995,1.6090207195281985
-0.000457,2.9655253982543943,-0.000456875,1.6239680767059328
-0.00045599999999999997,2.9605507278442382,-0.00045587499999999995,1.6239680767059328
-0.000455,2.980449409484863,-0.000454875,1.628950529098511
-0.000454,2.975474739074707,-0.00045387499999999996,1.6040382671356204
-0.000453,2.975474739074707,-0.000452875,1.6189856243133547
-0.000452,2.9705000686645504,-0.00045187499999999997,1.599055814743042
-0.00045099999999999996,2.975474739074707,-0.00045087499999999994,1.5890909099578858
-0.00045,2.9854240798950196,-0.00044987499999999997,1.6140031719207766
-0.00044899999999999996,2.9655253982543943,-0.00044887499999999995,1.6189856243133547
-0.000448,2.980449409484863,-0.000447875,1.5890909099578858
-0.00044699999999999997,2.975474739074707,-0.00044687499999999995,1.6189856243133547
-0.000446,2.980449409484863,-0.000445875,1.6140031719207766
-0.000445,2.9506013870239256,-0.00044487499999999996,1.6189856243133547
-0.000444,2.9705000686645504,-0.000443875,1.6040382671356204
-0.000443,2.9854240798950196,-0.00044287499999999996,1.594073362350464
-0.00044199999999999996,2.9903987503051757,-0.00044187499999999994,1.6090207195281985
-0.000441,2.9605507278442382,-0.00044087499999999997,1.6040382671356204
-0.00043999999999999996,2.975474739074707,-0.00043987499999999994,1.6040382671356204
-0.000439,2.975474739074707,-0.000438875,1.594073362350464
-0.00043799999999999997,2.9655253982543943,-0.00043787499999999995,1.6040382671356204
-0.000437,2.9605507278442382,-0.000436875,1.6239680767059328
-0.00043599999999999997,2.9705000686645504,-0.00043587499999999996,1.599055814743042
-0.000435,2.9705000686645504,-0.000434875,1.599055814743042
-0.000434,2.975474739074707,-0.00043387499999999996,1.6040382671356204
-0.00043299999999999995,2.975474739074707,-0.00043287499999999994,1.6090207195281985
-0.000432,3.0003480911254883,-0.00043187499999999997,1.6189856243133547
-0.00043099999999999996,2.9705000686645504,-0.00043087499999999994,1.6140031719207766
-0.00043,2.9655253982543943,-0.00042987499999999997,1.599055814743042
-0.00042899999999999997,2.9705000686645504,-0.00042887499999999995,1.6189856243133547
-0.000428,2.9953734207153317,-0.000427875,1.6090207195281985
-0.00042699999999999997,2.9655253982543943,-0.00042687499999999995,1.6040382671356204
-0.000426,2.9854240798950196,-0.000425875,1.628950529098511
-0.000425,2.9705000686645504,-0.00042487499999999996,1.6040382671356204
-0.000424,2.980449409484863,-0.000423875,1.6189856243133547
-0.000423,2.9705000686645504,-0.00042287499999999997,1.6040382671356204
-0.00042199999999999996,2.980449409484863,-0.00042187499999999994,1.6189856243133547
-0.000421,2.9903987503051757,-0.00042087499999999997,1.6140031719207766
-0.00041999999999999996,2.975474739074707,-0.00041987499999999995,1.599055814743042
-0.000419,2.980449409484863,-0.000418875,1.5890909099578858
-0.00041799999999999997,2.9655253982543943,-0.00041787499999999995,1.6239680767059328
-0.000417,2.9655253982543943,-0.000416875,1.6090207195281985
-0.000416,2.9705000686645504,-0.00041587499999999996,1.6189856243133547
-0.000415,2.975474739074707,-0.000414875,1.594073362350464
-0.000414,2.9705000686645504,-0.00041387499999999996,1.6040382671356204
-0.00041299999999999996,2.9655253982543943,-0.00041287499999999994,1.6140031719207766
-0.000412,2.980449409484863,-0.00041187499999999997,1.6090207195281985
-0.00041099999999999996,2.980449409484863,-0.00041087499999999994,1.6140031719207766
-0.00041,2.9705000686645504,-0.000409875,1.6189856243133547
-0.00040899999999999997,2.980449409484863,-0.00040887499999999995,1.594073362350464
-0.000408,2.9854240798950196,-0.000407875,1.6090207195281985
-0.00040699999999999997,2.9705000686645504,-0.00040687499999999996,1.6090207195281985
-0.000406,2.980449409484863,-0.000405875,1.6090207195281985
-0.000405,2.9655253982543943,-0.00040487499999999996,1.599055814743042
-0.000404,2.980449409484863,-0.000403875,1.6140031719207766
-0.000403,2.980449409484863,-0.00040287499999999997,1.594073362350464
-0.00040199999999999996,2.975474739074707,-0.00040187499999999994,1.6090207195281985
-0.000401,2.975474739074707,-0.00040087499999999997,1.5890909099578858
-0.00039999999999999996,2.975474739074707,-0.00039987499999999995,1.6040382671356204
-0.000399,2.975474739074707,-0.000398875,1.6189856243133547
-0.00039799999999999997,2.975474739074707,-0.00039787499999999995,1.6140031719207766
-0.000397,2.980449409484863,-0.000396875,1.599055814743042
-0.000396,2.9705000686645504,-0.00039587499999999996,1.6040382671356204
-0.000395,2.975474739074707,-0.000394875,1.599055814743042
-0.000394,2.980449409484863,-0.00039387499999999997,1.6040382671356204
-0.00039299999999999996,2.9655253982543943,-0.00039287499999999994,1.6090207195281985
-0.000392,2.9605507278442382,-0.00039187499999999997,1.6090207195281985
-0.00039099999999999996,2.9655253982543943,-0.00039087499999999995,1.6239680767059328
-0.00039,2.980449409484863,-0.000389875,1.6140031719207766
-0.00038899999999999997,2.9854240798950196,-0.00038887499999999995,1.6239680767059328
-0.000388,2.9655253982543943,-0.000387875,1.6040382671356204
-0.000387,2.980449409484863,-0.00038687499999999996,1.594073362350464
-0.000386,2.9854240798950196,-0.000385875,1.6140031719207766
-0.000385,2.980449409484863,-0.00038487499999999996,1.628950529098511
-0.000384,2.9903987503051757,-0.000383875,1.594073362350464
-0.000383,2.975474739074707,-0.00038287499999999997,1.6040382671356204
-0.00038199999999999996,2.9705000686645504,-0.00038187499999999994,1.628950529098511
-0.000381,2.9854240798950196,-0.000380875,1.6140031719207766
-0.00037999999999999997,2.9854240798950196,-0.00037987499999999995,1.6040382671356204
-0.000379,2.9605507278442382,-0.000378875,1.6189856243133547
-0.00037799999999999997,2.9655253982543943,-0.00037787499999999996,1.6040382671356204
-0.000377,2.9705000686645504,-0.000376875,1.6040382671356204
-0.000376,2.980449409484863,-0.00037587499999999996,1.6140031719207766
-0.000375,2.980449409484863,-0.000374875,1.6140031719207766
-0.000374,2.9655253982543943,-0.00037387499999999997,1.6189856243133547
-0.00037299999999999996,3.0003480911254883,-0.00037287499999999994,1.594073362350464
-0.000372,2.9903987503051757,-0.00037187499999999997,1.6040382671356204
-0.00037099999999999996,2.9705000686645504,-0.00037087499999999995,1.6189856243133547
-0.00037,2.9655253982543943,-0.000369875,1.599055814743042
-0.00036899999999999997,2.980449409484863,-0.00036887499999999995,1.594073362350464
-0.000368,2.980449409484863,-0.000367875,1.6090207195281985
-0.000367,2.980449409484863,-0.00036687499999999996,1.6090207195281985
-0.000366,2.9655253982543943,-0.000365875,1.6140031719207766
-0.000365,2.975474739074707,-0.00036487499999999996,1.6090207195281985
-0.00036399999999999996,2.980449409484863,-0.00036387499999999994,1.6090207195281985
-0.000363,2.9705000686645504,-0.00036287499999999997,1.6090207195281985
-0.00036199999999999996,2.980449409484863,-0.00036187499999999995,1.6040382671356204
-0.000361,2.9555760574340817,-0.000360875,1.6040382671356204
-0.00035999999999999997,2.975474739074707,-0.00035987499999999995,1.6189856243133547
-0.000359,2.9854240798950196,-0.000358875,1.5841084575653077
-0.000358,2.980449409484863,-0.00035787499999999996,1.594073362350464
-0.000357,2.9705000686645504,-0.000356875,1.6040382671356204
-0.000356,2.9705000686645504,-0.00035587499999999996,1.6090207195281985
-0.000355,2.9903987503051757,-0.000354875,1.6040382671356204
-0.000354,2.9605507278442382,-0.00035387499999999997,1.6090207195281985
-0.00035299999999999996,2.975474739074707,-0.00035287499999999994,1.6090207195281985
-0.000352,2.9655253982543943,-0.000351875,1.6090207195281985
-0.00035099999999999997,2.9854240798950196,-0.00035087499999999995,1.599055814743042
-0.00035,2.9655253982543943,-0.000349875,1.6040382671356204
-0.00034899999999999997,2.9705000686645504,-0.00034887499999999996,1.6239680767059328
-0.000348,2.9903987503051757,-0.000347875,1.5890909099578858
-0.000347,2.980449409484863,-0.00034687499999999996,1.594073362350464
-0.000346,2.9655253982543943,-0.000345875,1.6090207195281985
-0.000345,2.9605507278442382,-0.00034487499999999997,1.599055814743042
-0.00034399999999999996,2.9655253982543943,-0.00034387499999999994,1.6090207195281985
-0.000343,2.9655253982543943,-0.00034287499999999997,1.599055814743042
-0.00034199999999999996,2.975474739074707,-0.00034187499999999995,1.6040382671356204
-0.000341,2.9655253982543943,-0.000340875,1.6090207195281985
-0.00033999999999999997,2.9655253982543943,-0.00033987499999999995,1.6040382671356204
-0.000339,2.9705000686645504,-0.000338875,1.594073362350464
-0.000338,2.9555760574340817,-0.00033787499999999996,1.6239680767059328
-0.000337,2.975474739074707,-0.000336875,1.6189856243133547
-0.000336,2.9605507278442382,-0.00033587499999999996,1.6140031719207766
-0.000335,2.9854240798950196,-0.000334875,1.6189856243133547
-0.000334,2.975474739074707,-0.00033387499999999997,1.599055814743042
-0.00033299999999999996,2.9605507278442382,-0.00033287499999999995,1.6189856243133547
-0.000332,2.975474739074707,-0.000331875,1.6090207195281985
-0.00033099999999999997,2.975474739074707,-0.00033087499999999995,1.6090207195281985
-0.00033,2.9903987503051757,-0.000329875,1.6090207195281985
-0.000329,2.9705000686645504,-0.00032887499999999996,1.6189856243133547
-0.000328,2.975474739074707,-0.000327875,1.6239680767059328
-0.000327,2.9705000686645504,-0.00032687499999999996,1.6140031719207766
-0.000326,2.980449409484863,-0.000325875,1.5890909099578858
-0.000325,2.9655253982543943,-0.00032487499999999997,1.6189856243133547
-0.00032399999999999996,2.9903987503051757,-0.00032387499999999994,1.6140031719207766
-0.000323,2.9655253982543943,-0.000322875,1.599055814743042
-0.00032199999999999997,2.9903987503051757,-0.00032187499999999995,1.6040382671356204
-0.000321,2.980449409484863,-0.000320875,1.628950529098511
-0.00031999999999999997,2.975474739074707,-0.00031987499999999996,1.6189856243133547
-0.000319,2.9605507278442382,-0.000318875,1.6189856243133547
-0.000318,2.980449409484863,-0.00031787499999999996,1.6189856243133547
-0.000317,2.9705000686645504,-0.000316875,1.594073362350464
-0.000316,2.9705000686645504,-0.00031587499999999997,1.6040382671356204
-0.00031499999999999996,2.9705000686645504,-0.00031487499999999994,1.6090207195281985
-0.000314,2.980449409484863,-0.00031387499999999997,1.6090207195281985
-0.00031299999999999996,2.980449409484863,-0.00031287499999999995,1.6189856243133547
-0.000312,2.9854240798950196,-0.000311875,1.6090207195281985
-0.00031099999999999997,2.975474739074707,-0.00031087499999999995,1.5791260051727296
-0.00031,2.9655253982543943,-0.000309875,1.599055814743042
-0.000309,2.9705000686645504,-0.00030887499999999996,1.6189856243133547
-0.000308,2.9655253982543943,-0.000307875,1.6239680767059328
-0.000307,2.9705000686645504,-0.00030687499999999996,1.628950529098511
-0.000306,2.9655253982543943,-0.000305875,1.6090207195281985
-0.000305,2.980449409484863,-0.00030487499999999997,1.6189856243133547
-0.00030399999999999996,2.9854240798950196,-0.00030387499999999995,1.6189856243133547
-0.000303,2.9705000686645504,-0.000302875,1.6040382671356204
-0.00030199999999999997,2.9705000686645504,-0.00030187499999999995,1.6140031719207766
-0.000301,2.9655253982543943,-0.000300875,1.6040382671356204
-0.0003,2.975474739074707,-0.00029987499999999996,1.6090207195281985
-0.000299,2.9854240798950196,-0.000298875,1.6140031719207766
-0.000298,2.975474739074707,-0.00029787499999999996,1.6189856243133547
-0.000297,2.980449409484863,-0.000296875,1.6090207195281985
-0.000296,2.9655253982543943,-0.00029587499999999997,1.6140031719207766
-0.00029499999999999996,2.9705000686645504,-0.00029487499999999994,1.5890909099578858
-0.000294,2.9655253982543943,-0.000293875,1.6040382671356204
-0.00029299999999999997,2.980449409484863,-0.00029287499999999995,1.6090207195281985
-0.000292,2.9705000686645504,-0.000291875,1.6040382671356204
-0.00029099999999999997,2.9705000686645504,-0.00029087499999999996,1.6090207195281985
-0.00029,2.980449409484863,-0.000289875,1.6090207195281985
-0.000289,2.975474739074707,-0.00028887499999999996,1.6140031719207766
-0.000288,2.980449409484863,-0.000287875,1.6090207195281985
-0.000287,2.975474739074707,-0.00028687499999999997,1.6140031719207766
-0.000286,2.9705000686645504,-0.000285875,1.6239680767059328
-0.000285,2.975474739074707,-0.00028487499999999997,1.6040382671356204
-0.00028399999999999996,2.9605507278442382,-0.00028387499999999995,1.6189856243133547
-0.000283,2.980449409484863,-0.000282875,1.6040382671356204
-0.00028199999999999997,2.9705000686645504,-0.00028187499999999995,1.6040382671356204
-0.000281,2.975474739074707,-0.000280875,1.6040382671356204
-0.00028,2.9506013870239256,-0.00027987499999999996,1.599055814743042
-0.000279,2.9555760574340817,-0.000278875,1.6090207195281985
-0.000278,2.980449409484863,-0.00027787499999999996,1.6189856243133547
-0.000277,2.9555760574340817,-0.000276875,1.6140031719207766
-0.000276,2.975474739074707,-0.00027587499999999997,1.6189856243133547
-0.00027499999999999996,2.975474739074707,-0.00027487499999999995,1.6239680767059328
-0.000274,2.9705000686645504,-0.000273875,1.6140031719207766
-0.00027299999999999997,2.980449409484863,-0.00027287499999999995,1.6090207195281985
-0.000272,2.9655253982543943,-0.000271875,1.6239680767059328
-0.000271,2.9605507278442382,-0.00027087499999999996,1.599055814743042
-0.00027,2.9605507278442382,-0.000269875,1.599055814743042
-0.000269,2.9555760574340817,-0.00026887499999999996,1.594073362350464
-0.000268,2.975474739074707,-0.000267875,1.6040382671356204
-0.000267,2.9903987503051757,-0.00026687499999999997,1.6040382671356204
-0.000266,2.9705000686645504,-0.000265875,1.594073362350464
-0.000265,2.9705000686645504,-0.000264875,1.6040382671356204
-0.00026399999999999997,2.9705000686645504,-0.00026387499999999995,1.6239680767059328
-0.000263,2.975474739074707,-0.000262875,1.6189856243133547
-0.00026199999999999997,3.0053227615356444,-0.00026187499999999996,1.628950529098511
-0.000261,2.9555760574340817,-0.000260875,1.6239680767059328
-0.00026,2.975474739074707,-0.00025987499999999996,1.6239680767059328
-0.000259,2.9854240798950196,-0.000258875,1.6140031719207766
-0.000258,2.9555760574340817,-0.00025787499999999997,1.6189856243133547
-0.000257,2.9953734207153317,-0.000256875,1.6189856243133547
-0.000256,2.9705000686645504,-0.00025587499999999997,1.6140031719207766
-0.00025499999999999996,2.9705000686645504,-0.00025487499999999995,1.6140031719207766
-0.000254,2.9555760574340817,-0.000253875,1.6040382671356204
-0.00025299999999999997,2.9903987503051757,-0.00025287499999999995,1.6090207195281985
-0.000252,2.9705000686645504,-0.000251875,1.6090207195281985
-0.000251,2.975474739074707,-0.00025087499999999996,1.6040382671356204
-0.00025,2.980449409484863,-0.000249875,1.599055814743042
-0.000249,2.975474739074707,-0.00024887499999999996,1.5890909099578858
-0.000248,2.9655253982543943,-0.000247875,1.6189856243133547
-0.000247,2.980449409484863,-0.00024687499999999997,1.6090207195281985
-0.00024599999999999996,2.980449409484863,-0.00024587499999999995,1.628950529098511
-0.000245,2.9854240798950196,-0.000244875,1.628950529098511
-0.000244,2.9854240798950196,-0.000243875,1.599055814743042
-0.000243,2.975474739074707,-0.000242875,1.6040382671356204
-0.000242,2.975474739074707,-0.000241875,1.6239680767059328
-0.00024099999999999998,2.9705000686645504,-0.000240875,1.599055814743042
-0.00023999999999999998,2.975474739074707,-0.000239875,1.6040382671356204
-0.00023899999999999998,2.975474739074707,-0.000238875,1.594073362350464
-0.00023799999999999998,2.980449409484863,-0.000237875,1.6090207195281985
-0.000237,2.9605507278442382,-0.000236875,1.6090207195281985
-0.000236,2.975474739074707,-0.000235875,1.6189856243133547
-0.000235,2.9705000686645504,-0.000234875,1.6239680767059328
-0.000234,2.980449409484863,-0.000233875,1.6090207195281985
-0.000233,2.9705000686645504,-0.000232875,1.6189856243133547
-0.000232,2.975474739074707,-0.000231875,1.6090207195281985
-0.00023099999999999998,2.9655253982543943,-0.000230875,1.6090207195281985
-0.00022999999999999998,2.975474739074707,-0.000229875,1.6090207195281985
-0.00022899999999999998,2.9555760574340817,-0.000228875,1.6040382671356204
-0.00022799999999999999,2.9903987503051757,-0.000227875,1.6189856243133547
-0.000227,2.9854240798950196,-0.000226875,1.599055814743042
-0.000226,2.9456267166137695,-0.000225875,1.594073362350464
-0.000225,2.9605507278442382,-0.000224875,1.6090207195281985
-0.000224,2.9903987503051757,-0.000223875,1.5841084575653077
-0.000223,2.9854240798950196,-0.000222875,1.599055814743042
-0.000222,2.980449409484863,-0.000221875,1.6040382671356204
-0.00022099999999999998,2.9903987503051757,-0.000220875,1.6040382671356204
-0.00021999999999999998,2.975474739074707,-0.000219875,1.6140031719207766
-0.00021899999999999998,2.980449409484863,-0.000218875,1.6090207195281985
-0.00021799999999999999,2.9655253982543943,-0.000217875,1.5890909099578858
-0.000217,2.9605507278442382,-0.000216875,1.6140031719207766
-0.000216,2.9705000686645504,-0.000215875,1.6189856243133547
-0.000215,2.975474739074707,-0.000214875,1.599055814743042
-0.000214,2.975474739074707,-0.000213875,1.594073362350464
-0.000213,2.975474739074707,-0.000212875,1.6040382671356204
-0.000212,2.975474739074707,-0.00021187500000000001,1.6140031719207766
-0.00021099999999999998,2.975474739074707,-0.000210875,1.599055814743042
-0.00020999999999999998,2.980449409484863,-0.000209875,1.6239680767059328
-0.00020899999999999998,2.9705000686645504,-0.000208875,1.6090207195281985
-0.000208,2.9903987503051757,-0.000207875,1.6090207195281985
-0.000207,2.980449409484863,-0.000206875,1.599055814743042
-0.000206,2.9854240798950196,-0.000205875,1.6189856243133547
-0.000205,2.9903987503051757,-0.000204875,1.594073362350464
-0.000204,2.980449409484863,-0.000203875,1.6040382671356204
-0.000203,2.9854240798950196,-0.000202875,1.628950529098511
-0.000202,2.975474739074707,-0.00020187500000000001,1.6090207195281985
-0.00020099999999999998,2.975474739074707,-0.000200875,1.6140031719207766
-0.00019999999999999998,2.9903987503051757,-0.000199875,1.599055814743042
-0.00019899999999999999,2.975474739074707,-0.000198875,1.6140031719207766
-0.000198,2.9854240798950196,-0.000197875,1.6090207195281985
-0.000197,2.9655253982543943,-0.000196875,1.594073362350464
-0.000196,2.980449409484863,-0.000195875,1.6189856243133547
-0.000195,2.9953734207153317,-0.000194875,1.628950529098511
-0.000194,2.9903987503051757,-0.000193875,1.6189856243133547
-0.000193,2.9605507278442382,-0.000192875,1.599055814743042
-0.000192,2.9953734207153317,-0.00019187500000000002,1.6090207195281985
-0.00019099999999999998,2.975474739074707,-0.000190875,1.599055814743042
-0.00018999999999999998,2.9555760574340817,-0.000189875,1.6189856243133547
-0.00018899999999999999,2.9705000686645504,-0.000188875,1.6090207195281985
-0.000188,2.9555760574340817,-0.000187875,1.6040382671356204
-0.000187,2.975474739074707,-0.000186875,1.6239680767059328
-0.000186,2.9705000686645504,-0.000185875,1.6140031719207766
-0.000185,2.980449409484863,-0.000184875,1.6040382671356204
-0.000184,2.980449409484863,-0.000183875,1.599055814743042
-0.000183,2.980449409484863,-0.000182875,1.6189856243133547
-0.00018199999999999998,2.9903987503051757,-0.000181875,1.6239680767059328
-0.00018099999999999998,2.975474739074707,-0.000180875,1.6389154338836671
-0.00017999999999999998,2.9605507278442382,-0.000179875,1.6189856243133547
-0.000179,2.9605507278442382,-0.000178875,1.6090207195281985
-0.000178,2.9705000686645504,-0.000177875,1.6040382671356204
-0.000177,2.9854240798950196,-0.000176875,1.6090207195281985
-0.000176,2.9903987503051757,-0.000175875,1.599055814743042
-0.000175,2.975474739074707,-0.000174875,1.6140031719207766
-0.000174,3.0003480911254883,-0.000173875,1.6090207195281985
-0.000173,2.9605507278442382,-0.00017287500000000001,1.6239680767059328
-0.00017199999999999998,2.9655253982543943,-0.000171875,1.6090207195281985
-0.00017099999999999998,2.975474739074707,-0.000170875,1.599055814743042
-0.00016999999999999999,2.9655253982543943,-0.000169875,1.6040382671356204
-0.000169,2.9705000686645504,-0.000168875,1.6090207195281985
-0.000168,2.9903987503051757,-0.000167875,1.628950529098511
-0.000167,2.9705000686645504,-0.000166875,1.6189856243133547
-0.000166,2.9854240798950196,-0.000165875,1.6090207195281985
-0.000165,2.9555760574340817,-0.000164875,1.599055814743042
-0.000164,2.9854240798950196,-0.000163875,1.594073362350464
-0.000163,2.9555760574340817,-0.00016287500000000002,1.6090207195281985
-0.00016199999999999998,2.9705000686645504,-0.000161875,1.5890909099578858
-0.00016099999999999998,2.9705000686645504,-0.000160875,1.6140031719207766
-0.00015999999999999999,2.9705000686645504,-0.000159875,1.6189856243133547
-0.000159,2.9605507278442382,-0.000158875,1.6140031719207766
-0.000158,2.9705000686645504,-0.000157875,1.6140031719207766
-0.000157,2.980449409484863,-0.000156875,1.6040382671356204
-0.000156,2.9555760574340817,-0.000155875,1.6140031719207766
-0.000155,2.9605507278442382,-0.000154875,1.599055814743042
-0.000154,2.975474739074707,-0.000153875,1.6090207195281985
-0.000153,2.980449409484863,-0.00015287500000000002,1.599055814743042
-0.00015199999999999998,2.9705000686645504,-0.000151875,1.6239680767059328
-0.00015099999999999998,2.980449409484863,-0.000150875,1.6040382671356204
-0.00015,2.9555760574340817,-0.000149875,1.5890909099578858
-0.000149,2.9705000686645504,-0.000148875,1.594073362350464
-0.000148,2.975474739074707,-0.000147875,1.6090207195281985
-0.000147,2.9705000686645504,-0.000146875,1.6140031719207766
-0.000146,2.980449409484863,-0.000145875,1.6140031719207766
-0.000145,2.9705000686645504,-0.000144875,1.594073362350464
-0.000144,2.9605507278442382,-0.00014387500000000001,1.6090207195281985
-0.000143,2.9705000686645504,-0.00014287500000000002,1.6040382671356204
-0.00014199999999999998,2.975474739074707,-0.000141875,1.6140031719207766
-0.00014099999999999998,2.9903987503051757,-0.000140875,1.6090207195281985
-0.00014,2.9655253982543943,-0.000139875,1.6040382671356204
-0.000139,2.975474739074707,-0.000138875,1.6090207195281985
-0.000138,2.9705000686645504,-0.000137875,1.6090207195281985
-0.000137,2.980449409484863,-0.000136875,1.6189856243133547
-0.000136,2.9953734207153317,-0.000135875,1.6189856243133547
-0.000135,2.9705000686645504,-0.000134875,1.6040382671356204
-0.000134,2.9555760574340817,-0.00013387500000000002,1.599055814743042
-0.000133,2.9555760574340817,-0.00013287500000000002,1.6189856243133547
-0.00013199999999999998,2.9705000686645504,-0.000131875,1.6090207195281985
-0.00013099999999999999,2.975474739074707,-0.000130875,1.599055814743042
-0.00013,2.975474739074707,-0.000129875,1.6040382671356204
-0.000129,2.9605507278442382,-0.000128875,1.6140031719207766
-0.000128,2.9456267166137695,-0.000127875,1.599055814743042
-0.000127,2.9705000686645504,-0.000126875,1.6040382671356204
-0.000126,2.9903987503051757,-0.000125875,1.628950529098511
-0.000125,2.9705000686645504,-0.000124875,1.599055814743042
-0.000124,2.9655253982543943,-0.00012387500000000002,1.6140031719207766
-0.00012299999999999998,2.9605507278442382,-0.000122875,1.6040382671356204
-0.000122,2.9555760574340817,-0.000121875,1.5791260051727296
-0.000121,2.980449409484863,-0.000120875,1.6140031719207766
-0.00011999999999999999,2.980449409484863,-0.00011987499999999999,1.594073362350464
-0.00011899999999999999,2.9705000686645504,-0.00011887499999999999,1.6189856243133547
-0.000118,2.9605507278442382,-0.00011787499999999999,1.599055814743042
-0.000117,2.975474739074707,-0.000116875,1.5890909099578858
-0.000116,2.9555760574340817,-0.000115875,1.6090207195281985
-0.00011499999999999999,2.9605507278442382,-0.00011487499999999999,1.6189856243133547
-0.00011399999999999999,2.9605507278442382,-0.00011387499999999999,1.6090207195281985
-0.000113,2.9555760574340817,-0.00011287499999999999,1.6140031719207766
-0.000112,2.975474739074707,-0.000111875,1.6140031719207766
-0.000111,2.9705000686645504,-0.000110875,1.6040382671356204
-0.00010999999999999999,2.975474739074707,-0.00010987499999999999,1.599055814743042
-0.00010899999999999999,2.980449409484863,-0.00010887499999999999,1.6040382671356204
-0.000108,2.980449409484863,-0.00010787499999999999,1.6090207195281985
-0.000107,2.975474739074707,-0.000106875,1.6090207195281985
-0.000106,2.9903987503051757,-0.000105875,1.6090207195281985
-0.00010499999999999999,2.9705000686645504,-0.00010487499999999999,1.6140031719207766
-0.000104,2.9705000686645504,-0.00010387499999999999,1.6140031719207766
-0.000103,2.975474739074707,-0.000102875,1.599055814743042
-0.000102,2.9655253982543943,-0.000101875,1.6140031719207766
-0.000101,2.975474739074707,-0.000100875,1.6140031719207766
-9.999999999999999e-05,2.980449409484863,-9.987499999999999e-05,1.6090207195281985
-9.9e-05,2.9854240798950196,-9.887499999999999e-05,1.599055814743042
-9.8e-05,2.980449409484863,-9.7875e-05,1.6140031719207766
-9.7e-05,2.9705000686645504,-9.6875e-05,1.6140031719207766
-9.6e-05,2.9655253982543943,-9.5875e-05,1.6090207195281985
-9.499999999999999e-05,2.9605507278442382,-9.487499999999999e-05,1.6090207195281985
-9.4e-05,2.980449409484863,-9.387499999999999e-05,1.6040382671356204
-9.3e-05,2.9605507278442382,-9.2875e-05,1.5841084575653077
-9.2e-05,2.980449409484863,-9.1875e-05,1.6140031719207766
-9.099999999999999e-05,2.9705000686645504,-9.087499999999999e-05,1.6040382671356204
-8.999999999999999e-05,2.9555760574340817,-8.987499999999999e-05,1.6040382671356204
-8.9e-05,2.9655253982543943,-8.887499999999999e-05,1.594073362350464
-8.8e-05,2.9705000686645504,-8.7875e-05,1.6090207195281985
-8.7e-05,2.9605507278442382,-8.6875e-05,1.6040382671356204
-8.599999999999999e-05,2.975474739074707,-8.587499999999999e-05,1.599055814743042
-8.499999999999999e-05,2.9655253982543943,-8.487499999999999e-05,1.594073362350464
-8.4e-05,2.9705000686645504,-8.387499999999999e-05,1.6090207195281985
-8.3e-05,2.9705000686645504,-8.2875e-05,1.599055814743042
-8.2e-05,2.980449409484863,-8.1875e-05,1.599055814743042
-8.099999999999999e-05,2.9854240798950196,-8.087499999999999e-05,1.599055814743042
-7.999999999999999e-05,2.975474739074707,-7.987499999999999e-05,1.6040382671356204
-7.9e-05,2.9605507278442382,-7.887499999999999e-05,1.6189856243133547
-7.8e-05,2.9655253982543943,-7.7875e-05,1.599055814743042
-7.7e-05,2.975474739074707,-7.6875e-05,1.6239680767059328
-7.599999999999999e-05,2.975474739074707,-7.587499999999999e-05,1.599055814743042
-7.5e-05,2.975474739074707,-7.487499999999999e-05,1.628950529098511
-7.4e-05,2.9555760574340817,-7.387499999999999e-05,1.6090207195281985
-7.3e-05,2.9655253982543943,-7.2875e-05,1.6140031719207766
-7.2e-05,2.975474739074707,-7.1875e-05,1.6040382671356204
-7.099999999999999e-05,2.9705000686645504,-7.087499999999999e-05,1.6140031719207766
-7e-05,2.9506013870239256,-6.987499999999999e-05,1.599055814743042
-6.9e-05,2.9705000686645504,-6.8875e-05,1.6040382671356204
-6.8e-05,2.9705000686645504,-6.7875e-05,1.599055814743042
-6.7e-05,2.9854240798950196,-6.6875e-05,1.6040382671356204
-6.599999999999999e-05,2.975474739074707,-6.587499999999999e-05,1.6189856243133547
-6.5e-05,2.975474739074707,-6.487499999999999e-05,1.6239680767059328
-6.4e-05,2.9655253982543943,-6.3875e-05,1.594073362350464
-6.3e-05,2.980449409484863,-6.2875e-05,1.6239680767059328
-6.2e-05,2.9655253982543943,-6.1875e-05,1.6140031719207766
-6.1e-05,2.9854240798950196,-6.0874999999999996e-05,1.6040382671356204
-5.9999999999999995e-05,2.975474739074707,-5.987499999999999e-05,1.6090207195281985
-5.9e-05,2.975474739074707,-5.8874999999999995e-05,1.6090207195281985
-5.8e-05,2.9705000686645504,-5.7875e-05,1.6239680767059328
-5.6999999999999996e-05,2.9705000686645504,-5.687499999999999e-05,1.6040382671356204
-5.6e-05,2.980449409484863,-5.5874999999999996e-05,1.6090207195281985
-5.4999999999999995e-05,2.9903987503051757,-5.487499999999999e-05,1.599055814743042
-5.4e-05,2.975474739074707,-5.3874999999999995e-05,1.6090207195281985
-5.3e-05,2.9705000686645504,-5.2875e-05,1.6140031719207766
-5.2e-05,2.980449409484863,-5.1874999999999994e-05,1.6239680767059328
-5.1e-05,2.975474739074707,-5.0874999999999997e-05,1.6189856243133547
-4.9999999999999996e-05,2.9605507278442382,-4.987499999999999e-05,1.6140031719207766
-4.9e-05,2.980449409484863,-4.8874999999999995e-05,1.6090207195281985
-4.8e-05,2.9854240798950196,-4.7875e-05,1.6189856243133547
-4.7e-05,2.975474739074707,-4.6874999999999994e-05,1.6090207195281985
-4.6e-05,2.975474739074707,-4.5875e-05,1.628950529098511
-4.4999999999999996e-05,2.9903987503051757,-4.487499999999999e-05,1.6040382671356204
-4.4e-05,2.9705000686645504,-4.3874999999999996e-05,1.6040382671356204
-4.2999999999999995e-05,2.9555760574340817,-4.287499999999999e-05,1.6040382671356204
-4.2e-05,2.980449409484863,-4.1874999999999995e-05,1.6239680767059328
-4.1e-05,2.9903987503051757,-4.0875e-05,1.633932981491089
-3.9999999999999996e-05,2.980449409484863,-3.9874999999999993e-05,1.6090207195281985
-3.9e-05,2.9655253982543943,-3.8874999999999996e-05,1.599055814743042
-3.7999999999999995e-05,2.9705000686645504,-3.787499999999999e-05,1.6090207195281985
-3.7e-05,2.9655253982543943,-3.6874999999999995e-05,1.594073362350464
-3.6e-05,2.9605507278442382,-3.5875e-05,1.6239680767059328
-3.5e-05,2.9655253982543943,-3.4874999999999994e-05,1.628950529098511
-3.4e-05,2.9705000686645504,-3.3875e-05,1.6040382671356204
-3.2999999999999996e-05,2.980449409484863,-3.287499999999999e-05,1.599055814743042
-3.2e-05,2.980449409484863,-3.1874999999999996e-05,1.6090207195281985
-3.1e-05,2.9555760574340817,-3.0875e-05,1.5890909099578858
-2.9999999999999997e-05,2.9655253982543943,-2.9874999999999998e-05,1.6140031719207766
-2.9e-05,2.9655253982543943,-2.8875e-05,1.6090207195281985
-2.8e-05,2.9903987503051757,-2.7875e-05,1.6090207195281985
-2.7e-05,2.975474739074707,-2.6875e-05,1.6189856243133547
-2.6e-05,2.9705000686645504,-2.5875e-05,1.6040382671356204
-2.4999999999999998e-05,2.980449409484863,-2.4874999999999998e-05,1.6239680767059328
-2.4e-05,2.980449409484863,-2.3875e-05,1.6239680767059328
-2.3e-05,2.975474739074707,-2.2875e-05,1.6140031719207766
-2.2e-05,2.9854240798950196,-2.1875e-05,1.6140031719207766
-2.1e-05,2.9506013870239256,-2.0875e-05,1.6090207195281985
-1.9999999999999998e-05,2.9655253982543943,-1.9875e-05,1.6090207195281985
-1.8999999999999998e-05,2.9655253982543943,-1.8874999999999998e-05,1.6090207195281985
-1.8e-05,2.975474739074707,-1.7875e-05,1.6090207195281985
-1.7e-05,2.9705000686645504,-1.6875e-05,1.6189856243133547
-1.6e-05,2.980449409484863,-1.5875e-05,1.6040382671356204
-1.4999999999999999e-05,2.9854240798950196,-1.4874999999999999e-05,1.6040382671356204
-1.4e-05,2.9854240798950196,-1.3875e-05,1.633932981491089
-1.3e-05,2.9655253982543943,-1.2875e-05,1.6140031719207766
-1.2e-05,2.980449409484863,-1.1875e-05,1.6140031719207766
-1.1e-05,2.975474739074707,-1.0875e-05,1.599055814743042
-9.999999999999999e-06,2.9854240798950196,-9.875e-06,1.6040382671356204
-9e-06,2.9655253982543943,-8.875e-06,1.6140031719207766
-8e-06,2.9705000686645504,-7.875e-06,1.6040382671356204
-7e-06,2.9655253982543943,-6.875e-06,1.6090207195281985
-6e-06,2.9605507278442382,-5.8750000000000005e-06,1.594073362350464
-4.9999999999999996e-06,2.980449409484863,-4.875e-06,1.6189856243133547
-4e-06,2.980449409484863,-3.875e-06,1.6040382671356204
-3e-06,2.9903987503051757,-2.875e-06,1.6040382671356204
-2e-06,2.980449409484863,-1.8749999999999998e-06,1.594073362350464
-1e-06,2.9705000686645504,-8.75e-07,1.6389154338836671
0.0,2.975474739074707,1.25e-07,1.6389154338836671
1e-06,2.9854240798950196,1.125e-06,1.6189856243133547
2e-06,2.980449409484863,2.125e-06,1.6239680767059328
3e-06,2.975474739074707,3.125e-06,1.6090207195281985
4e-06,2.9953734207153317,4.1249999999999995e-06,1.6090207195281985
4.9999999999999996e-06,2.9555760574340817,5.124999999999999e-06,1.628950529098511
6e-06,2.9655253982543943,6.125e-06,1.6090207195281985
7e-06,2.9555760574340817,7.1249999999999995e-06,1.6140031719207766
8e-06,2.9555760574340817,8.125e-06,1.6090207195281985
9e-06,2.9705000686645504,9.125e-06,1.6140031719207766
9.999999999999999e-06,2.9854240798950196,1.0124999999999999e-05,1.6140031719207766
1.1e-05,2.9705000686645504,1.1125e-05,1.599055814743042
1.2e-05,2.980449409484863,1.2125e-05,1.6040382671356204
1.3e-05,2.9705000686645504,1.3124999999999999e-05,1.6040382671356204
1.4e-05,2.9903987503051757,1.4125e-05,1.6040382671356204
1.4999999999999999e-05,2.980449409484863,1.5124999999999998e-05,1.6140031719207766
1.6e-05,2.980449409484863,1.6125e-05,1.6090207195281985
1.7e-05,2.980449409484863,1.7125e-05,1.6090207195281985
1.8e-05,2.9605507278442382,1.8125e-05,1.6140031719207766
1.8999999999999998e-05,2.9705000686645504,1.9124999999999997e-05,1.6438978862762452
1.9999999999999998e-05,2.9705000686645504,2.0124999999999998e-05,1.6140031719207766
2.1e-05,2.9953734207153317,2.1125e-05,1.6189856243133547
2.2e-05,2.9655253982543943,2.2125e-05,1.599055814743042
2.3e-05,2.9903987503051757,2.3125e-05,1.6040382671356204
2.4e-05,2.980449409484863,2.4125e-05,1.6239680767059328
2.4999999999999998e-05,2.9605507278442382,2.5124999999999997e-05,1.6090207195281985
2.6e-05,2.9506013870239256,2.6124999999999998e-05,1.594073362350464
2.7e-05,2.9854240798950196,2.7125e-05,1.6090207195281985
2.8e-05,2.9705000686645504,2.8125e-05,1.6140031719207766
2.9e-05,2.9506013870239256,2.9125e-05,1.599055814743042
2.9999999999999997e-05,2.9705000686645504,3.0124999999999997e-05,1.6189856243133547
3.1e-05,2.9854240798950196,3.1125000000000004e-05,1.628950529098511
3.2e-05,2.975474739074707,3.2125e-05,1.628950529098511
3.2999999999999996e-05,2.975474739074707,3.3125e-05,1.6189856243133547
3.4e-05,2.9854240798950196,3.4125e-05,1.633932981491089
3.5e-05,2.975474739074707,3.5125e-05,1.6090207195281985
3.6e-05,2.975474739074707,3.6125000000000004e-05,1.6189856243133547
3.7e-05,2.9705000686645504,3.7125e-05,1.6140031719207766
3.7999999999999995e-05,2.975474739074707,3.8125e-05,1.599055814743042
3.9e-05,3.0003480911254883,3.9125e-05,1.628950529098511
3.9999999999999996e-05,2.975474739074707,4.0125e-05,1.6140031719207766
4.1e-05,2.9655253982543943,4.1125000000000004e-05,1.6090207195281985
4.2e-05,2.9555760574340817,4.2125e-05,1.6239680767059328
4.2999999999999995e-05,2.975474739074707,4.3125e-05,1.6140031719207766
4.4e-05,2.980449409484863,4.4125e-05,1.6140031719207766
4.4999999999999996e-05,2.975474739074707,4.5125e-05,1.6140031719207766
4.6e-05,2.975474739074707,4.6125e-05,1.594073362350464
4.7e-05,2.975474739074707,4.7125e-05,1.6189856243133547
4.8e-05,2.980449409484863,4.8125000000000004e-05,1.594073362350464
4.9e-05,2.9655253982543943,4.9125e-05,1.599055814743042
4.9999999999999996e-05,2.980449409484863,5.0125e-05,1.6090207195281985
5.1e-05,2.9854240798950196,5.1125e-05,1.6239680767059328
5.2e-05,2.9655253982543943,5.2125e-05,1.6140031719207766
5.3e-05,2.975474739074707,5.3125000000000004e-05,1.6140031719207766
5.4e-05,2.9854240798950196,5.4125e-05,1.6040382671356204
5.4999999999999995e-05,2.975474739074707,5.5125e-05,1.6140031719207766
5.6e-05,2.980449409484863,5.6125e-05,1.6040382671356204
5.6999999999999996e-05,2.9854240798950196,5.7125e-05,1.6090207195281985
5.8e-05,2.9605507278442382,5.8125e-05,1.599055814743042
5.9e-05,2.975474739074707,5.9125e-05,1.6090207195281985
5.9999999999999995e-05,2.9555760574340817,6.0125e-05,1.594073362350464
6.1e-05,2.9705000686645504,6.1125e-05,1.6140031719207766
6.2e-05,2.9655253982543943,6.2125e-05,1.6040382671356204
6.3e-05,2.9605507278442382,6.3125e-05,1.6090207195281985
6.4e-05,2.975474739074707,6.4125e-05,1.6189856243133547
6.5e-05,2.9705000686645504,6.5125e-05,1.6040382671356204
6.599999999999999e-05,2.9854240798950196,6.6125e-05,1.594073362350464
6.7e-05,3.0003480911254883,6.7125e-05,1.5890909099578858
6.8e-05,2.9506013870239256,6.8125e-05,1.6140031719207766
6.9e-05,2.9903987503051757,6.9125e-05,1.6189856243133547
7e-05,2.980449409484863,7.0125e-05,1.599055814743042
7.099999999999999e-05,2.9854240798950196,7.1125e-05,1.6090207195281985
7.2e-05,2.975474739074707,7.2125e-05,1.6040382671356204
7.3e-05,2.980449409484863,7.3125e-05,1.6239680767059328
7.4e-05,3.0053227615356444,7.4125e-05,1.6090207195281985
7.5e-05,2.9854240798950196,7.5125e-05,1.6090207195281985
7.599999999999999e-05,2.9854240798950196,7.6125e-05,1.6090207195281985
7.7e-05,2.9655253982543943,7.7125e-05,1.599055814743042
7.8e-05,2.9655253982543943,7.8125e-05,1.6040382671356204
7.9e-05,2.975474739074707,7.9125e-05,1.6189856243133547
7.999999999999999e-05,2.9605507278442382,8.0125e-05,1.6189856243133547
8.099999999999999e-05,2.975474739074707,8.1125e-05,1.6090207195281985
8.2e-05,2.9705000686645504,8.2125e-05,1.6040382671356204
8.3e-05,2.980449409484863,8.3125e-05,1.6040382671356204
8.4e-05,2.9655253982543943,8.4125e-05,1.6140031719207766
8.499999999999999e-05,2.9705000686645504,8.5125e-05,1.6090207195281985
8.599999999999999e-05,2.9655253982543943,8.612499999999999e-05,1.6040382671356204
8.7e-05,2.9854240798950196,8.7125e-05,1.6140031719207766
8.8e-05,2.9705000686645504,8.8125e-05,1.6140031719207766
8.9e-05,2.980449409484863,8.9125e-05,1.6140031719207766
8.999999999999999e-05,2.9655253982543943,9.0125e-05,1.594073362350464
9.099999999999999e-05,2.9854240798950196,9.112499999999999e-05,1.6189856243133547
9.2e-05,2.980449409484863,9.2125e-05,1.6090207195281985
9.3e-05,2.975474739074707,9.3125e-05,1.594073362350464
9.4e-05,2.975474739074707,9.4125e-05,1.6090207195281985
9.499999999999999e-05,2.980449409484863,9.5125e-05,1.594073362350464
9.6e-05,2.980449409484863,9.6125e-05,1.6090207195281985
9.7e-05,2.9903987503051757,9.7125e-05,1.594073362350464
9.8e-05,2.9953734207153317,9.8125e-05,1.6090207195281985
9.9e-05,2.9854240798950196,9.9125e-05,1.6090207195281985
9.999999999999999e-05,2.980449409484863,0.000100125,1.599055814743042
0.000101,2.9705000686645504,0.000101125,1.5890909099578858
0.000102,2.9705000686645504,0.000102125,1.6090207195281985
0.000103,2.980449409484863,0.000103125,1.6040382671356204
0.000104,2.9705000686645504,0.000104125,1.6040382671356204
0.00010499999999999999,2.9655253982543943,0.000105125,1.6140031719207766
0.000106,2.975474739074707,0.000106125,1.6040382671356204
0.000107,2.980449409484863,0.000107125,1.6239680767059328
0.000108,2.9705000686645504,0.000108125,1.6140031719207766
0.00010899999999999999,2.975474739074707,0.000109125,1.6040382671356204
0.00010999999999999999,2.9705000686645504,0.000110125,1.6189856243133547
0.000111,2.9705000686645504,0.000111125,1.6140031719207766
0.000112,2.9605507278442382,0.000112125,1.6189856243133547
0.000113,2.9705000686645504,0.000113125,1.6140031719207766
0.00011399999999999999,2.9655253982543943,0.000114125,1.6090207195281985
0.00011499999999999999,2.9903987503051757,0.00011512499999999999,1.6040382671356204
0.000116,2.975474739074707,0.000116125,1.6239680767059328
0.000117,2.9655253982543943,0.000117125,1.594073362350464
0.000118,2.980449409484863,0.000118125,1.594073362350464
0.00011899999999999999,2.9705000686645504,0.000119125,1.6140031719207766
0.00011999999999999999,2.975474739074707,0.00012012499999999999,1.599055814743042
0.000121,2.975474739074707,0.000121125,1.6140031719207766
0.000122,2.9705000686645504,0.000122125,1.6140031719207766
0.00012299999999999998,2.9903987503051757,0.00012312499999999997,1.6189856243133547
0.000124,2.9705000686645504,0.000124125,1.6189856243133547
0.000125,2.9705000686645504,0.000125125,1.6090207195281985
0.000126,2.980449409484863,0.000126125,1.6040382671356204
0.000127,2.9903987503051757,0.000127125,1.6189856243133547
0.000128,2.980449409484863,0.00012812499999999998,1.6090207195281985
0.000129,2.975474739074707,0.00012912499999999998,1.6189856243133547
0.00013,2.9705000686645504,0.00013012499999999998,1.6090207195281985
0.00013099999999999999,2.980449409484863,0.00013112499999999998,1.6140031719207766
0.00013199999999999998,2.9655253982543943,0.00013212499999999997,1.6140031719207766
0.000133,2.9655253982543943,0.000133125,1.6140031719207766
0.000134,2.975474739074707,0.000134125,1.6189856243133547
0.000135,2.980449409484863,0.000135125,1.6090207195281985
0.000136,2.9705000686645504,0.000136125,1.6140031719207766
0.000137,2.980449409484863,0.00013712499999999999,1.6189856243133547
0.000138,2.9705000686645504,0.00013812499999999998,1.6189856243133547
0.000139,2.9854240798950196,0.00013912499999999998,1.6140031719207766
0.00014,2.980449409484863,0.00014012499999999998,1.6090207195281985
0.00014099999999999998,2.9953734207153317,0.00014112499999999997,1.6189856243133547
0.00014199999999999998,2.9854240798950196,0.00014212499999999997,1.6239680767059328
0.000143,2.9705000686645504,0.000143125,1.6239680767059328
0.000144,2.975474739074707,0.000144125,1.6239680767059328
0.000145,2.9555760574340817,0.000145125,1.6239680767059328
0.000146,2.980449409484863,0.000146125,1.6189856243133547
0.000147,2.9854240798950196,0.00014712499999999998,1.6189856243133547
0.000148,2.975474739074707,0.00014812499999999998,1.6189856243133547
0.000149,2.9903987503051757,0.00014912499999999998,1.6040382671356204
0.00015,2.9903987503051757,0.00015012499999999998,1.599055814743042
0.00015099999999999998,2.980449409484863,0.00015112499999999997,1.628950529098511
0.00015199999999999998,2.9903987503051757,0.00015212499999999997,1.6239680767059328
0.000153,2.980449409484863,0.000153125,1.6040382671356204
0.000154,2.9854240798950196,0.000154125,1.6140031719207766
0.000155,2.9705000686645504,0.000155125,1.6040382671356204
0.000156,2.980449409484863,0.000156125,1.6040382671356204
0.000157,2.9705000686645504,0.00015712499999999998,1.6090207195281985
0.000158,2.9705000686645504,0.00015812499999999998,1.6140031719207766
0.000159,2.9506013870239256,0.00015912499999999998,1.6140031719207766
0.00015999999999999999,2.980449409484863,0.00016012499999999998,1.599055814743042
0.00016099999999999998,2.9655253982543943,0.00016112499999999997,1.6239680767059328
0.00016199999999999998,2.9655253982543943,0.00016212499999999997,1.6040382671356204
0.000163,2.9854240798950196,0.000163125,1.6040382671356204
0.000164,2.9655253982543943,0.000164125,1.6040382671356204
0.000165,2.9605507278442382,0.000165125,1.6140031719207766
0.000166,2.980449409484863,0.00016612499999999999,1.6040382671356204
0.000167,2.9705000686645504,0.00016712499999999998,1.6189856243133547
0.000168,2.9854240798950196,0.00016812499999999998,1.6140031719207766
0.000169,2.975474739074707,0.00016912499999999998,1.6090207195281985
0.00016999999999999999,2.975474739074707,0.00017012499999999997,1.6090207195281985
0.00017099999999999998,2.975474739074707,0.00017112499999999997,1.6090207195281985
0.00017199999999999998,2.9705000686645504,0.00017212499999999997,1.6189856243133547
0.000173,2.9854240798950196,0.000173125,1.6189856243133547
0.000174,2.9953734207153317,0.000174125,1.6090207195281985
0.000175,2.9705000686645504,0.000175125,1.6140031719207766
0.000176,2.975474739074707,0.00017612499999999998,1.6040382671356204
0.000177,2.9655253982543943,0.00017712499999999998,1.599055814743042
0.000178,2.975474739074707,0.00017812499999999998,1.6090207195281985
0.000179,2.980449409484863,0.00017912499999999998,1.6140031719207766
0.00017999999999999998,2.9605507278442382,0.00018012499999999997,1.6090207195281985
0.00018099999999999998,2.9705000686645504,0.00018112499999999997,1.6040382671356204
0.00018199999999999998,2.975474739074707,0.00018212499999999997,1.6040382671356204
0.000183,2.975474739074707,0.000183125,1.5890909099578858
0.000184,2.975474739074707,0.000184125,1.6090207195281985
0.000185,2.980449409484863,0.000185125,1.6040382671356204
0.000186,2.980449409484863,0.00018612499999999998,1.6189856243133547
0.000187,2.9456267166137695,0.00018712499999999998,1.599055814743042
0.000188,2.975474739074707,0.00018812499999999998,1.6140031719207766
0.00018899999999999999,2.9903987503051757,0.00018912499999999998,1.6090207195281985
0.00018999999999999998,2.9605507278442382,0.00019012499999999997,1.594073362350464
0.00019099999999999998,2.975474739074707,0.00019112499999999997,1.594073362350464
0.000192,2.980449409484863,0.000192125,1.6140031719207766
0.000193,2.9953734207153317,0.000193125,1.6040382671356204
0.000194,2.9655253982543943,0.000194125,1.6189856243133547
0.000195,2.980449409484863,0.00019512499999999999,1.6090207195281985
0.000196,2.9903987503051757,0.00019612499999999998,1.6189856243133547
0.000197,2.9705000686645504,0.00019712499999999998,1.6140031719207766
0.000198,2.975474739074707,0.00019812499999999998,1.6040382671356204
0.00019899999999999999,2.9705000686645504,0.00019912499999999997,1.599055814743042
0.00019999999999999998,2.980449409484863,0.00020012499999999997,1.5890909099578858
0.00020099999999999998,2.9506013870239256,0.00020112499999999997,1.594073362350464
0.000202,2.9506013870239256,0.000202125,1.594073362350464
0.000203,2.980449409484863,0.000203125,1.6090207195281985
0.000204,2.975474739074707,0.000204125,1.599055814743042
0.000205,2.9854240798950196,0.00020512499999999999,1.6189856243133547
0.000206,2.980449409484863,0.00020612499999999998,1.6189856243133547
0.000207,2.9705000686645504,0.00020712499999999998,1.6140031719207766
0.000208,2.975474739074707,0.00020812499999999998,1.594073362350464
0.00020899999999999998,2.975474739074707,0.00020912499999999997,1.6140031719207766
0.00020999999999999998,2.9705000686645504,0.00021012499999999997,1.6140031719207766
0.00021099999999999998,2.980449409484863,0.00021112499999999997,1.594073362350464
0.000212,2.975474739074707,0.000212125,1.6189856243133547
0.000213,2.9655253982543943,0.000213125,1.599055814743042
0.000214,2.9705000686645504,0.000214125,1.6040382671356204
0.000215,2.980449409484863,0.00021512499999999998,1.599055814743042
0.000216,2.975474739074707,0.00021612499999999998,1.594073362350464
0.000217,2.975474739074707,0.00021712499999999998,1.6140031719207766
0.00021799999999999999,2.9655253982543943,0.00021812499999999998,1.6040382671356204
0.00021899999999999998,2.9705000686645504,0.00021912499999999997,1.599055814743042
0.00021999999999999998,2.975474739074707,0.00022012499999999997,1.6090207195281985
0.00022099999999999998,2.9655253982543943,0.00022112499999999997,1.6189856243133547
0.000222,2.9655253982543943,0.000222125,1.6140031719207766
0.000223,2.9854240798950196,0.000223125,1.6239680767059328
0.000224,2.9655253982543943,0.00022412499999999999,1.6140031719207766
0.000225,2.9655253982543943,0.00022512499999999998,1.599055814743042
0.000226,2.980449409484863,0.00022612499999999998,1.6140031719207766
0.000227,2.975474739074707,0.00022712499999999998,1.6040382671356204
0.00022799999999999999,2.9705000686645504,0.00022812499999999997,1.628950529098511
0.00022899999999999998,2.9953734207153317,0.00022912499999999997,1.6090207195281985
0.00022999999999999998,2.9903987503051757,0.00023012499999999997,1.6239680767059328
0.00023099999999999998,2.975474739074707,0.00023112499999999997,1.599055814743042
0.000232,2.975474739074707,0.000232125,1.6239680767059328
0.000233,2.980449409484863,0.000233125,1.6239680767059328
0.000234,2.975474739074707,0.00023412499999999999,1.6140031719207766
0.000235,2.980449409484863,0.00023512499999999998,1.6239680767059328
0.000236,2.9705000686645504,0.00023612499999999998,1.6140031719207766
0.000237,2.980449409484863,0.00023712499999999998,1.6140031719207766
0.00023799999999999998,2.975474739074707,0.00023812499999999997,1.6189856243133547
0.00023899999999999998,2.975474739074707,0.00023912499999999997,1.6090207195281985
0.00023999999999999998,2.9655253982543943,0.00024012499999999997,1.6090207195281985
0.00024099999999999998,2.975474739074707,0.00024112499999999997,1.6040382671356204
0.000242,2.9705000686645504,0.000242125,1.599055814743042
0.000243,2.9854240798950196,0.000243125,1.6090207195281985
0.000244,2.975474739074707,0.00024412499999999998,1.6040382671356204
0.000245,2.975474739074707,0.000245125,1.594073362350464
0.00024599999999999996,2.9655253982543943,0.000246125,1.6040382671356204
0.000247,2.9605507278442382,0.000247125,1.6040382671356204
0.000248,2.980449409484863,0.00024812500000000003,1.6140031719207766
0.000249,2.9705000686645504,0.000249125,1.6040382671356204
0.00025,2.975474739074707,0.000250125,1.6040382671356204
0.000251,2.9605507278442382,0.000251125,1.6189856243133547
0.000252,2.9605507278442382,0.000252125,1.6090207195281985
0.00025299999999999997,2.980449409484863,0.000253125,1.594073362350464
0.000254,2.980449409484863,0.000254125,1.5841084575653077
0.00025499999999999996,2.975474739074707,0.000255125,1.6090207195281985
0.000256,2.9705000686645504,0.000256125,1.6090207195281985
0.000257,2.9555760574340817,0.00025712500000000003,1.594073362350464
0.000258,2.980449409484863,0.000258125,1.6040382671356204
0.000259,2.9655253982543943,0.000259125,1.594073362350464
0.00026,2.9506013870239256,0.000260125,1.6140031719207766
0.000261,2.9655253982543943,0.000261125,1.599055814743042
0.00026199999999999997,2.9705000686645504,0.000262125,1.6040382671356204
0.000263,2.980449409484863,0.000263125,1.6140031719207766
0.00026399999999999997,2.975474739074707,0.000264125,1.6090207195281985
0.000265,2.9903987503051757,0.000265125,1.6090207195281985
0.000266,2.980449409484863,0.00026612500000000003,1.594073362350464
0.000267,2.9655253982543943,0.000267125,1.6189856243133547
0.000268,2.975474739074707,0.000268125,1.6140031719207766
0.000269,2.980449409484863,0.000269125,1.6239680767059328
0.00027,2.975474739074707,0.000270125,1.6090207195281985
0.000271,2.9903987503051757,0.000271125,1.6040382671356204
0.000272,2.9705000686645504,0.000272125,1.6090207195281985
0.00027299999999999997,2.975474739074707,0.000273125,1.6090207195281985
0.000274,2.9705000686645504,0.000274125,1.6040382671356204
0.00027499999999999996,3.0003480911254883,0.000275125,1.6090207195281985
0.000276,2.9705000686645504,0.000276125,1.6040382671356204
0.000277,2.9854240798950196,0.00027712500000000003,1.6189856243133547
0.000278,2.9854240798950196,0.000278125,1.6090207195281985
0.000279,2.9854240798950196,0.000279125,1.6040382671356204
0.00028,2.9655253982543943,0.000280125,1.6239680767059328
0.000281,2.9705000686645504,0.000281125,1.6040382671356204
0.00028199999999999997,2.980449409484863,0.000282125,1.6140031719207766
0.000283,2.975474739074707,0.000283125,1.6140031719207766
0.00028399999999999996,2.9705000686645504,0.000284125,1.6140031719207766
0.000285,2.975474739074707,0.000285125,1.6040382671356204
0.000286,2.9854240798950196,0.00028612500000000003,1.6189856243133547
0.000287,2.980449409484863,0.000287125,1.599055814743042
0.000288,2.9854240798950196,0.000288125,1.6040382671356204
0.000289,2.9456267166137695,0.000289125,1.6040382671356204
0.00029,2.980449409484863,0.000290125,1.628950529098511
0.00029099999999999997,2.9903987503051757,0.000291125,1.599055814743042
0.000292,2.9854240798950196,0.000292125,1.6040382671356204
0.00029299999999999997,2.9605507278442382,0.000293125,1.599055814743042
0.000294,2.975474739074707,0.000294125,1.6239680767059328
0.00029499999999999996,2.9605507278442382,0.000295125,1.5890909099578858
0.000296,2.9705000686645504,0.000296125,1.6090207195281985
0.000297,2.9854240798950196,0.000297125,1.599055814743042
0.000298,2.980449409484863,0.000298125,1.6090207195281985
0.000299,2.9705000686645504,0.000299125,1.6090207195281985
0.0003,2.9605507278442382,0.000300125,1.6040382671356204
0.000301,2.9705000686645504,0.000301125,1.6040382671356204
0.00030199999999999997,2.9705000686645504,0.000302125,1.599055814743042
0.000303,2.9655253982543943,0.000303125,1.6140031719207766
0.00030399999999999996,3.0003480911254883,0.000304125,1.6140031719207766
0.000305,2.975474739074707,0.000305125,1.594073362350464
0.000306,2.975474739074707,0.00030612500000000003,1.6090207195281985
0.000307,2.975474739074707,0.000307125,1.5841084575653077
0.000308,2.9854240798950196,0.000308125,1.6090207195281985
0.000309,2.975474739074707,0.000309125,1.6189856243133547
0.00031,2.980449409484863,0.000310125,1.6090207195281985
0.00031099999999999997,2.9705000686645504,0.000311125,1.6140031719207766
0.000312,2.975474739074707,0.000312125,1.6140031719207766
0.00031299999999999996,2.975474739074707,0.000313125,1.6140031719207766
0.000314,2.980449409484863,0.000314125,1.594073362350464
0.00031499999999999996,2.9705000686645504,0.000315125,1.6140031719207766
0.000316,2.9705000686645504,0.000316125,1.599055814743042
0.000317,2.9655253982543943,0.000317125,1.594073362350464
0.000318,2.975474739074707,0.000318125,1.5890909099578858
0.000319,2.9655253982543943,0.000319125,1.594073362350464
0.00031999999999999997,2.9705000686645504,0.000320125,1.6040382671356204
0.000321,2.980449409484863,0.000321125,1.6140031719207766
0.00032199999999999997,2.9655253982543943,0.000322125,1.599055814743042
0.000323,2.9854240798950196,0.000323125,1.594073362350464
0.00032399999999999996,2.9655253982543943,0.000324125,1.6189856243133547
0.000325,2.9705000686645504,0.000325125,1.6090207195281985
0.000326,2.9854240798950196,0.000326125,1.599055814743042
0.000327,2.975474739074707,0.000327125,1.6090207195281985
0.000328,2.980449409484863,0.000328125,1.6189856243133547
0.000329,2.9953734207153317,0.000329125,1.599055814743042
0.00033,2.9854240798950196,0.000330125,1.6239680767059328
0.00033099999999999997,2.9854240798950196,0.000331125,1.6140031719207766
0.000332,2.9705000686645504,0.000332125,1.599055814743042
0.00033299999999999996,2.975474739074707,0.000333125,1.6189856243133547
0.000334,2.9705000686645504,0.000334125,1.6090207195281985
0.000335,2.9854240798950196,0.00033512500000000003,1.6090207195281985
0.000336,2.9705000686645504,0.000336125,1.6040382671356204
0.000337,2.9605507278442382,0.000337125,1.6140031719207766
0.000338,2.980449409484863,0.000338125,1.599055814743042
0.000339,2.975474739074707,0.000339125,1.6090207195281985
0.00033999999999999997,2.980449409484863,0.000340125,1.594073362350464
0.000341,2.9605507278442382,0.000341125,1.6090207195281985
0.00034199999999999996,2.9705000686645504,0.000342125,1.599055814743042
0.000343,2.9655253982543943,0.000343125,1.6140031719207766
0.00034399999999999996,2.975474739074707,0.000344125,1.6140031719207766
0.000345,2.975474739074707,0.000345125,1.5890909099578858
0.000346,2.975474739074707,0.000346125,1.599055814743042
0.000347,2.9705000686645504,0.000347125,1.599055814743042
0.000348,2.975474739074707,0.000348125,1.6189856243133547
0.00034899999999999997,2.9705000686645504,0.000349125,1.6189856243133547
0.00035,2.9903987503051757,0.000350125,1.6090207195281985
0.00035099999999999997,2.9705000686645504,0.000351125,1.6090207195281985
0.000352,2.9903987503051757,0.000352125,1.6140031719207766
0.00035299999999999996,2.9555760574340817,0.000353125,1.6239680767059328
0.000354,2.9903987503051757,0.000354125,1.6189856243133547
0.000355,2.9705000686645504,0.000355125,1.628950529098511
0.000356,2.9655253982543943,0.000356125,1.6140031719207766
0.000357,2.9655253982543943,0.000357125,1.6090207195281985
0.000358,2.9854240798950196,0.000358125,1.6140031719207766
0.000359,2.975474739074707,0.000359125,1.5890909099578858
0.00035999999999999997,2.9854240798950196,0.000360125,1.6140031719207766
0.000361,2.9903987503051757,0.000361125,1.6090207195281985
0.00036199999999999996,2.9555760574340817,0.000362125,1.6090207195281985
0.000363,2.9555760574340817,0.000363125,1.628950529098511
0.00036399999999999996,2.9705000686645504,0.000364125,1.6090207195281985
0.000365,2.9705000686645504,0.000365125,1.6140031719207766
0.000366,2.980449409484863,0.000366125,1.6189856243133547
0.000367,2.975474739074707,0.000367125,1.6140031719207766
0.000368,2.9705000686645504,0.000368125,1.6090207195281985
0.00036899999999999997,2.980449409484863,0.000369125,1.6090207195281985
0.00037,2.9705000686645504,0.000370125,1.6140031719207766
0.00037099999999999996,2.980449409484863,0.000371125,1.6090207195281985
0.000372,2.9705000686645504,0.000372125,1.6189856243133547
0.00037299999999999996,2.9605507278442382,0.000373125,1.599055814743042
0.000374,2.980449409484863,0.000374125,1.633932981491089
0.000375,2.980449409484863,0.000375125,1.6140031719207766
0.000376,2.975474739074707,0.000376125,1.6090207195281985
0.000377,2.9854240798950196,0.000377125,1.6189856243133547
0.00037799999999999997,2.980449409484863,0.000378125,1.6189856243133547
0.000379,2.975474739074707,0.000379125,1.6040382671356204
0.00037999999999999997,2.975474739074707,0.000380125,1.6140031719207766
0.000381,2.980449409484863,0.000381125,1.6140031719207766
0.00038199999999999996,2.9605507278442382,0.000382125,1.6090207195281985
0.000383,2.9655253982543943,0.000383125,1.6140031719207766
0.000384,2.9953734207153317,0.000384125,1.6189856243133547
0.000385,2.975474739074707,0.000385125,1.6140031719207766
0.000386,2.975474739074707,0.000386125,1.6040382671356204
0.000387,2.9705000686645504,0.000387125,1.599055814743042
0.000388,2.9903987503051757,0.000388125,1.6040382671356204
0.00038899999999999997,2.9506013870239256,0.000389125,1.599055814743042
0.00039,2.9655253982543943,0.000390125,1.599055814743042
0.00039099999999999996,2.9903987503051757,0.000391125,1.6040382671356204
0.000392,2.975474739074707,0.000392125,1.6189856243133547
0.00039299999999999996,2.9854240798950196,0.000393125,1.6090207195281985
0.000394,2.9705000686645504,0.000394125,1.6090207195281985
0.000395,2.9555760574340817,0.000395125,1.6040382671356204
0.000396,2.9705000686645504,0.000396125,1.6040382671356204
0.000397,2.980449409484863,0.000397125,1.6140031719207766
0.00039799999999999997,2.975474739074707,0.000398125,1.6090207195281985
0.000399,2.980449409484863,0.000399125,1.6189856243133547
0.00039999999999999996,2.9655253982543943,0.000400125,1.6140031719207766
0.000401,2.980449409484863,0.000401125,1.628950529098511
0.00040199999999999996,2.980449409484863,0.000402125,1.5890909099578858
0.000403,2.975474739074707,0.000403125,1.6040382671356204
0.000404,2.9903987503051757,0.000404125,1.6040382671356204
0.000405,2.9705000686645504,0.000405125,1.6040382671356204
0.000406,2.975474739074707,0.000406125,1.6189856243133547
0.00040699999999999997,2.9705000686645504,0.000407125,1.6140031719207766
0.000408,2.9605507278442382,0.000408125,1.6140031719207766
0.00040899999999999997,2.9705000686645504,0.000409125,1.6189856243133547
0.00041,2.9655253982543943,0.000410125,1.6040382671356204
0.00041099999999999996,2.980449409484863,0.000411125,1.6140031719207766
0.000412,2.9903987503051757,0.000412125,1.6239680767059328
0.00041299999999999996,2.9854240798950196,0.00041312499999999997,1.6189856243133547
0.000414,2.9605507278442382,0.000414125,1.6140031719207766
0.000415,2.9854240798950196,0.000415125,1.599055814743042
0.000416,2.9705000686645504,0.000416125,1.6140031719207766
0.000417,2.9705000686645504,0.000417125,1.6090207195281985
0.00041799999999999997,2.9555760574340817,0.000418125,1.6140031719207766
0.000419,2.9605507278442382,0.000419125,1.594073362350464
0.00041999999999999996,2.9555760574340817,0.000420125,1.6189856243133547
0.000421,2.9705000686645504,0.000421125,1.6140031719207766
0.00042199999999999996,2.975474739074707,0.000422125,1.6140031719207766
0.000423,2.980449409484863,0.000423125,1.6040382671356204
0.000424,2.9953734207153317,0.000424125,1.6040382671356204
0.000425,2.9854240798950196,0.000425125,1.6140031719207766
0.000426,2.9953734207153317,0.000426125,1.6189856243133547
0.00042699999999999997,2.980449409484863,0.000427125,1.599055814743042
0.000428,2.9705000686645504,0.000428125,1.599055814743042
0.00042899999999999997,2.9854240798950196,0.000429125,1.6189856243133547
0.00043,2.975474739074707,0.000430125,1.599055814743042
0.00043099999999999996,2.9854240798950196,0.000431125,1.6239680767059328
0.000432,2.9655253982543943,0.000432125,1.594073362350464
0.00043299999999999995,2.9953734207153317,0.00043312499999999997,1.6040382671356204
0.000434,2.9705000686645504,0.000434125,1.6189856243133547
0.000435,2.9903987503051757,0.000435125,1.599055814743042
0.00043599999999999997,2.9705000686645504,0.000436125,1.599055814743042
0.000437,2.975474739074707,0.000437125,1.6140031719207766
0.00043799999999999997,2.9705000686645504,0.000438125,1.6040382671356204
0.000439,2.975474739074707,0.000439125,1.6140031719207766
0.00043999999999999996,2.9705000686645504,0.000440125,1.6090207195281985
0.000441,2.975474739074707,0.000441125,1.599055814743042
0.00044199999999999996,2.975474739074707,0.00044212499999999997,1.6140031719207766
0.000443,2.9605507278442382,0.000443125,1.6040382671356204
0.000444,2.975474739074707,0.000444125,1.6090207195281985
0.000445,2.975474739074707,0.000445125,1.6090207195281985
0.000446,2.9854240798950196,0.000446125,1.6040382671356204
0.00044699999999999997,2.9705000686645504,0.000447125,1.6140031719207766
0.000448,2.9854240798950196,0.000448125,1.6140031719207766
0.00044899999999999996,2.980449409484863,0.000449125,1.6040382671356204
0.00045,2.975474739074707,0.000450125,1.6040382671356204
0.00045099999999999996,2.9854240798950196,0.000451125,1.6189856243133547
0.000452,2.980449409484863,0.000452125,1.5890909099578858
0.000453,2.9705000686645504,0.000453125,1.6140031719207766
0.000454,2.9705000686645504,0.000454125,1.594073362350464
0.000455,2.9705000686645504,0.000455125,1.6040382671356204
0.00045599999999999997,2.9655253982543943,0.000456125,1.6040382671356204
0.000457,2.980449409484863,0.000457125,1.6189856243133547
0.00045799999999999997,2.9903987503051757,0.000458125,1.6140031719207766
0.000459,2.9655253982543943,0.000459125,1.6140031719207766
0.00045999999999999996,2.975474739074707,0.000460125,1.6090207195281985
0.000461,2.975474739074707,0.000461125,1.6140031719207766
0.00046199999999999995,2.975474739074707,0.00046212499999999997,1.6140031719207766
0.000463,2.9605507278442382,0.000463125,1.6090207195281985
0.000464,2.975474739074707,0.000464125,1.6090207195281985
0.00046499999999999997,2.975474739074707,0.000465125,1.594073362350464
0.000466,2.9705000686645504,0.000466125,1.6090207195281985
0.00046699999999999997,2.9903987503051757,0.000467125,1.6090207195281985
0.000468,2.9655253982543943,0.000468125,1.6140031719207766
0.00046899999999999996,2.975474739074707,0.000469125,1.6090207195281985
0.00047,2.9903987503051757,0.000470125,1.6090207195281985
0.00047099999999999996,2.9854240798950196,0.00047112499999999997,1.6140031719207766
0.000472,2.980449409484863,0.000472125,1.6040382671356204
0.000473,2.975474739074707,0.000473125,1.6040382671356204
0.000474,2.9705000686645504,0.000474125,1.6189856243133547
0.000475,2.975474739074707,0.000475125,1.6140031719207766
0.00047599999999999997,2.9605507278442382,0.000476125,1.6239680767059328
0.000477,2.9605507278442382,0.000477125,1.6140031719207766
0.00047799999999999996,2.9705000686645504,0.000478125,1.6040382671356204
0.000479,2.9903987503051757,0.000479125,1.6189856243133547
0.00047999999999999996,2.980449409484863,0.000480125,1.6040382671356204
0.000481,2.9655253982543943,0.000481125,1.6040382671356204
0.00048199999999999995,2.975474739074707,0.00048212499999999997,1.6239680767059328
0.000483,2.9605507278442382,0.000483125,1.6040382671356204
0.000484,2.9903987503051757,0.000484125,1.6189856243133547
0.00048499999999999997,2.9705000686645504,0.000485125,1.594073362350464
0.000486,2.9605507278442382,0.000486125,1.6189856243133547
0.00048699999999999997,3.0003480911254883,0.000487125,1.5841084575653077
0.000488,2.9854240798950196,0.000488125,1.6189856243133547
0.000489,3.015272102355957,0.000489125,1.6090207195281985
0.00049,2.980449409484863,0.000490125,1.6189856243133547
0.000491,2.9705000686645504,0.000491125,1.5890909099578858
0.0004919999999999999,2.980449409484863,0.0004921249999999999,1.6040382671356204
0.000493,2.980449409484863,0.000493125,1.6040382671356204
0.000494,2.9705000686645504,0.000494125,1.594073362350464
0.000495,2.9605507278442382,0.000495125,1.6040382671356204
0.000496,2.980449409484863,0.000496125,1.6090207195281985
0.0004969999999999999,2.980449409484863,0.000497125,1.6090207195281985
0.000498,2.9555760574340817,0.000498125,1.6040382671356204
0.000499,2.9655253982543943,0.000499125,1.599055814743042
0.0005,2.9854240798950196,0.000500125,1.6140031719207766
0.0005009999999999999,2.9655253982543943,0.0005011249999999999,1.6040382671356204
0.000502,2.9903987503051757,0.000502125,1.594073362350464
0.000503,2.980449409484863,0.000503125,1.6090207195281985
0.000504,2.9903987503051757,0.000504125,1.6140031719207766
0.000505,2.9903987503051757,0.000505125,1.628950529098511
0.0005059999999999999,2.9655253982543943,0.000506125,1.5841084575653077
0.000507,2.9705000686645504,0.000507125,1.6140031719207766
0.000508,2.9655253982543943,0.000508125,1.6140031719207766
0.000509,2.975474739074707,0.000509125,1.599055814743042
0.0005099999999999999,2.9705000686645504,0.0005101249999999999,1.599055814743042
0.000511,2.9605507278442382,0.000511125,1.628950529098511
0.000512,2.9705000686645504,0.000512125,1.6189856243133547
0.000513,2.9605507278442382,0.000513125,1.6140031719207766
0.000514,2.9854240798950196,0.000514125,1.6239680767059328
0.0005149999999999999,2.9854240798950196,0.000515125,1.6090207195281985
0.000516,2.9705000686645504,0.000516125,1.6090207195281985
0.000517,2.9854240798950196,0.000517125,1.6140031719207766
0.000518,2.9705000686645504,0.000518125,1.6239680767059328
0.0005189999999999999,2.9903987503051757,0.000519125,1.6239680767059328
0.00052,2.9903987503051757,0.000520125,1.6040382671356204
0.000521,2.980449409484863,0.000521125,1.6239680767059328
0.000522,2.9705000686645504,0.000522125,1.6140031719207766
0.000523,2.9655253982543943,0.000523125,1.6090207195281985
0.0005239999999999999,2.9705000686645504,0.000524125,1.6040382671356204
0.000525,2.975474739074707,0.000525125,1.6040382671356204
0.000526,2.9705000686645504,0.000526125,1.6189856243133547
0.000527,2.9854240798950196,0.000527125,1.594073362350464
0.0005279999999999999,2.9854240798950196,0.000528125,1.599055814743042
0.000529,2.980449409484863,0.000529125,1.6189856243133547
0.00053,2.9903987503051757,0.000530125,1.6090207195281985
0.000531,2.9705000686645504,0.000531125,1.5890909099578858
0.000532,2.9605507278442382,0.000532125,1.6090207195281985
0.0005329999999999999,2.975474739074707,0.000533125,1.6239680767059328
0.000534,2.980449409484863,0.000534125,1.6040382671356204
0.000535,2.980449409484863,0.000535125,1.628950529098511
0.000536,2.9854240798950196,0.000536125,1.6140031719207766
0.0005369999999999999,2.9903987503051757,0.000537125,1.6189856243133547
0.000538,2.9705000686645504,0.000538125,1.6140031719207766
0.000539,2.975474739074707,0.000539125,1.628950529098511
0.00054,2.975474739074707,0.000540125,1.6140031719207766
0.0005409999999999999,2.9705000686645504,0.0005411249999999999,1.5890909099578858
0.000542,2.9854240798950196,0.000542125,1.6040382671356204
0.000543,2.975474739074707,0.000543125,1.599055814743042
0.000544,2.9705000686645504,0.000544125,1.6189856243133547
0.000545,2.975474739074707,0.000545125,1.6140031719207766
0.0005459999999999999,2.980449409484863,0.000546125,1.6040382671356204
0.000547,2.980449409484863,0.000547125,1.6090207195281985
0.000548,2.9555760574340817,0.000548125,1.5890909099578858
0.000549,2.9854240798950196,0.000549125,1.5890909099578858
0.0005499999999999999,2.980449409484863,0.0005501249999999999,1.6090207195281985
0.000551,2.9903987503051757,0.000551125,1.6189856243133547
0.000552,2.9854240798950196,0.000552125,1.6040382671356204
0.000553,2.9555760574340817,0.000553125,1.5890909099578858
0.000554,2.9705000686645504,0.000554125,1.6239680767059328
0.0005549999999999999,2.9854240798950196,0.000555125,1.6140031719207766
0.000556,2.980449409484863,0.000556125,1.6040382671356204
0.000557,2.9655253982543943,0.000557125,1.6140031719207766
0.000558,2.9854240798950196,0.000558125,1.6189856243133547
0.0005589999999999999,2.9655253982543943,0.0005591249999999999,1.6040382671356204
0.00056,2.9655253982543943,0.000560125,1.6090207195281985
0.000561,2.9953734207153317,0.000561125,1.6090207195281985
0.000562,2.975474739074707,0.000562125,1.628950529098511
0.000563,2.9705000686645504,0.000563125,1.6090207195281985
0.0005639999999999999,2.9705000686645504,0.000564125,1.6040382671356204
0.000565,2.975474739074707,0.000565125,1.6189856243133547
0.000566,2.9854240798950196,0.000566125,1.6090207195281985
0.000567,2.9854240798950196,0.000567125,1.599055814743042
0.0005679999999999999,2.9705000686645504,0.0005681249999999999,1.594073362350464
0.000569,2.9854240798950196,0.000569125,1.6140031719207766
0.00057,2.9903987503051757,0.000570125,1.594073362350464
0.000571,2.9854240798950196,0.000571125,1.6189856243133547
0.000572,2.975474739074707,0.000572125,1.6239680767059328
0.0005729999999999999,2.980449409484863,0.000573125,1.6090207195281985
0.000574,2.980449409484863,0.000574125,1.6140031719207766
0.000575,2.980449409484863,0.000575125,1.6090207195281985
0.000576,2.9705000686645504,0.000576125,1.6040382671356204
0.0005769999999999999,2.975474739074707,0.000577125,1.594073362350464
0.000578,2.975474739074707,0.000578125,1.6189856243133547
0.000579,3.0053227615356444,0.000579125,1.6090207195281985
0.00058,2.9854240798950196,0.000580125,1.6239680767059328
0.000581,2.980449409484863,0.000581125,1.6090207195281985
0.0005819999999999999,2.9705000686645504,0.000582125,1.633932981491089
0.000583,2.9655253982543943,0.000583125,1.6090207195281985
0.000584,2.980449409484863,0.000584125,1.6040382671356204
0.000585,2.975474739074707,0.000585125,1.6239680767059328
0.0005859999999999999,2.980449409484863,0.000586125,1.6140031719207766
0.000587,2.975474739074707,0.000587125,1.6090207195281985
0.000588,2.9655253982543943,0.000588125,1.6090207195281985
0.000589,2.9854240798950196,0.000589125,1.6140031719207766
0.0005899999999999999,2.975474739074707,0.0005901249999999999,1.6090207195281985
0.0005909999999999999,2.9854240798950196,0.000591125,1.6040382671356204
0.000592,2.9705000686645504,0.000592125,1.6189856243133547
0.000593,2.980449409484863,0.000593125,1.6040382671356204
0.000594,2.980449409484863,0.000594125,1.6040382671356204
0.0005949999999999999,2.9705000686645504,0.000595125,1.6389154338836671
0.000596,3.0003480911254883,0.000596125,1.6140031719207766
0.000597,2.9705000686645504,0.000597125,1.5841084575653077
0.000598,2.980449409484863,0.000598125,1.6090207195281985
0.0005989999999999999,2.980449409484863,0.0005991249999999999,1.6239680767059328
0.0006,2.9705000686645504,0.000600125,1.6140031719207766
0.000601,2.980449409484863,0.000601125,1.6090207195281985
0.000602,2.9854240798950196,0.000602125,1.6239680767059328
0.000603,2.9705000686645504,0.000603125,1.6090207195281985
0.0006039999999999999,2.9705000686645504,0.000604125,1.6140031719207766
0.000605,2.9705000686645504,0.000605125,1.6090207195281985
0.000606,2.9705000686645504,0.000606125,1.6239680767059328
0.000607,2.9854240798950196,0.000607125,1.6189856243133547
0.0006079999999999999,2.9555760574340817,0.0006081249999999999,1.6090207195281985
0.000609,2.975474739074707,0.000609125,1.594073362350464
0.00061,2.9555760574340817,0.000610125,1.6090207195281985
0.000611,2.980449409484863,0.000611125,1.6090207195281985
0.000612,2.980449409484863,0.000612125,1.6090207195281985
0.0006129999999999999,2.980449409484863,0.000613125,1.6189856243133547
0.000614,2.975474739074707,0.000614125,1.6189856243133547
0.000615,2.9854240798950196,0.000615125,1.6189856243133547
0.000616,2.975474739074707,0.000616125,1.6040382671356204
0.0006169999999999999,2.980449409484863,0.0006171249999999999,1.6090207195281985
0.000618,2.9903987503051757,0.000618125,1.6090207195281985
0.000619,2.975474739074707,0.000619125,1.6040382671356204
0.00062,2.9705000686645504,0.000620125,1.599055814743042
0.000621,2.9854240798950196,0.000621125,1.6140031719207766
0.0006219999999999999,2.980449409484863,0.000622125,1.6040382671356204
0.000623,2.9854240798950196,0.000623125,1.6189856243133547
0.000624,2.9854240798950196,0.000624125,1.6140031719207766
0.000625,2.9705000686645504,0.000625125,1.6140031719207766
0.0006259999999999999,2.980449409484863,0.0006261249999999999,1.628950529098511
0.000627,2.9854240798950196,0.000627125,1.6239680767059328
0.000628,2.9903987503051757,0.000628125,1.6090207195281985
0.000629,2.9953734207153317,0.000629125,1.6140031719207766
0.0006299999999999999,2.980449409484863,0.0006301249999999999,1.6239680767059328
0.0006309999999999999,2.9705000686645504,0.000631125,1.6189856243133547
0.000632,2.9854240798950196,0.000632125,1.6090207195281985
0.000633,2.980449409484863,0.000633125,1.633932981491089
0.000634,2.9655253982543943,0.000634125,1.6090207195281985
0.0006349999999999999,2.9854240798950196,0.000635125,1.6140031719207766
0.000636,2.975474739074707,0.000636125,1.628950529098511
0.000637,3.0003480911254883,0.000637125,1.6239680767059328
0.000638,2.9705000686645504,0.000638125,1.6189856243133547
0.0006389999999999999,2.9854240798950196,0.0006391249999999999,1.6090207195281985
0.0006399999999999999,2.980449409484863,0.000640125,1.6189856243133547
0.000641,2.9705000686645504,0.000641125,1.6140031719207766
0.000642,2.975474739074707,0.000642125,1.6090207195281985
0.000643,2.9903987503051757,0.000643125,1.6040382671356204
0.0006439999999999999,2.9705000686645504,0.000644125,1.6090207195281985
0.000645,2.9655253982543943,0.000645125,1.599055814743042
0.000646,2.975474739074707,0.000646125,1.6140031719207766
0.000647,2.980449409484863,0.000647125,1.6040382671356204
0.0006479999999999999,2.9506013870239256,0.0006481249999999999,1.6040382671356204
0.000649,2.9605507278442382,0.000649125,1.599055814743042
0.00065,2.9605507278442382,0.000650125,1.594073362350464
0.000651,2.975474739074707,0.000651125,1.6040382671356204
0.000652,2.975474739074707,0.000652125,1.599055814743042
0.0006529999999999999,2.980449409484863,0.000653125,1.599055814743042
0.000654,2.9705000686645504,0.000654125,1.6189856243133547
0.000655,2.980449409484863,0.000655125,1.5890909099578858
0.000656,2.975474739074707,0.000656125,1.6140031719207766
0.0006569999999999999,2.9705000686645504,0.0006571249999999999,1.6040382671356204
0.000658,2.9903987503051757,0.000658125,1.6090207195281985
0.000659,2.9605507278442382,0.000659125,1.628950529098511
0.00066,2.9854240798950196,0.000660125,1.6090207195281985
0.000661,2.980449409484863,0.000661125,1.6090207195281985
0.0006619999999999999,2.9705000686645504,0.000662125,1.6140031719207766
0.000663,2.980449409484863,0.000663125,1.6189856243133547
0.000664,2.9655253982543943,0.000664125,1.6090207195281985
0.000665,2.9854240798950196,0.000665125,1.6090207195281985
0.0006659999999999999,2.9854240798950196,0.0006661249999999999,1.599055814743042
0.000667,2.9953734207153317,0.000667125,1.6239680767059328
0.000668,2.9854240798950196,0.000668125,1.628950529098511
0.000669,2.9854240798950196,0.000669125,1.6140031719207766
0.00067,3.0003480911254883,0.000670125,1.6189856243133547
0.0006709999999999999,2.9655253982543943,0.000671125,1.6189856243133547
0.000672,2.975474739074707,0.000672125,1.599055814743042
0.000673,2.975474739074707,0.000673125,1.6239680767059328
0.000674,2.9854240798950196,0.000674125,1.6239680767059328
0.0006749999999999999,2.975474739074707,0.0006751249999999999,1.6189856243133547
0.000676,2.975474739074707,0.000676125,1.6040382671356204
0.000677,2.975474739074707,0.000677125,1.6239680767059328
0.000678,2.975474739074707,0.000678125,1.6090207195281985
0.0006789999999999999,2.980449409484863,0.0006791249999999999,1.628950529098511
0.0006799999999999999,2.980449409484863,0.000680125,1.6140031719207766
0.000681,2.9705000686645504,0.000681125,1.599055814743042
0.000682,2.9705000686645504,0.000682125,1.6189856243133547
0.000683,2.975474739074707,0.000683125,1.6189856243133547
0.0006839999999999999,2.980449409484863,0.000684125,1.6189856243133547
0.000685,2.980449409484863,0.000685125,1.6140031719207766
0.000686,2.975474739074707,0.000686125,1.6239680767059328
0.000687,3.0003480911254883,0.000687125,1.633932981491089
0.0006879999999999999,2.980449409484863,0.0006881249999999999,1.6239680767059328
0.0006889999999999999,2.9655253982543943,0.000689125,1.6090207195281985
0.00069,2.980449409484863,0.000690125,1.6189856243133547
0.000691,2.975474739074707,0.000691125,1.6239680767059328
0.000692,2.9655253982543943,0.000692125,1.6140031719207766
0.0006929999999999999,2.980449409484863,0.000693125,1.6189856243133547
0.000694,2.975474739074707,0.000694125,1.6090207195281985
0.000695,2.980449409484863,0.000695125,1.6189856243133547
0.000696,2.9854240798950196,0.000696125,1.599055814743042
0.0006969999999999999,2.9854240798950196,0.0006971249999999999,1.6090207195281985
0.0006979999999999999,2.9854240798950196,0.000698125,1.6189856243133547
0.000699,2.980449409484863,0.000699125,1.6140031719207766
0.0007,2.9655253982543943,0.000700125,1.6090207195281985
0.000701,2.9953734207153317,0.000701125,1.6140031719207766
0.0007019999999999999,2.975474739074707,0.000702125,1.594073362350464
0.000703,2.9705000686645504,0.000703125,1.6090207195281985
0.000704,2.980449409484863,0.000704125,1.6090207195281985
0.000705,2.9854240798950196,0.000705125,1.6239680767059328
0.0007059999999999999,2.975474739074707,0.0007061249999999999,1.6239680767059328
0.000707,2.975474739074707,0.000707125,1.6090207195281985
0.000708,2.9903987503051757,0.000708125,1.6140031719207766
0.000709,2.9854240798950196,0.000709125,1.6040382671356204
0.00071,2.9854240798950196,0.000710125,1.6189856243133547
0.0007109999999999999,2.975474739074707,0.000711125,1.6090207195281985
0.000712,2.975474739074707,0.000712125,1.6140031719207766
0.000713,2.9705000686645504,0.000713125,1.6040382671356204
0.000714,2.980449409484863,0.000714125,1.6040382671356204
0.0007149999999999999,2.975474739074707,0.0007151249999999999,1.6090207195281985
0.000716,2.9555760574340817,0.000716125,1.6140031719207766
0.000717,2.9705000686645504,0.000717125,1.6140031719207766
0.000718,2.9655253982543943,0.000718125,1.6140031719207766
0.000719,2.980449409484863,0.000719125,1.633932981491089
0.0007199999999999999,2.975474739074707,0.000720125,1.6189856243133547
0.000721,2.9903987503051757,0.000721125,1.599055814743042
0.000722,2.980449409484863,0.000722125,1.6239680767059328
0.000723,2.975474739074707,0.000723125,1.6090207195281985
0.0007239999999999999,2.9854240798950196,0.0007241249999999999,1.6040382671356204
0.000725,2.9705000686645504,0.000725125,1.6090207195281985
0.000726,2.975474739074707,0.000726125,1.6189856243133547
0.000727,2.9705000686645504,0.000727125,1.6239680767059328
0.0007279999999999999,2.975474739074707,0.0007281249999999999,1.6090207195281985
0.0007289999999999999,2.9953734207153317,0.000729125,1.6040382671356204
0.00073,2.9903987503051757,0.000730125,1.6140031719207766
0.000731,2.975474739074707,0.000731125,1.6239680767059328
0.000732,2.980449409484863,0.000732125,1.6189856243133547
0.0007329999999999999,2.980449409484863,0.0007331249999999999,1.633932981491089
0.000734,2.9605507278442382,0.000734125,1.6140031719207766
0.000735,2.9705000686645504,0.000735125,1.6090207195281985
0.000736,2.975474739074707,0.000736125,1.6090207195281985
0.0007369999999999999,2.975474739074707,0.0007371249999999999,1.6140031719207766
0.0007379999999999999,2.975474739074707,0.000738125,1.6040382671356204
0.000739,2.975474739074707,0.000739125,1.6239680767059328
0.00074,2.980449409484863,0.000740125,1.599055814743042
0.000741,2.975474739074707,0.000741125,1.6090207195281985
0.0007419999999999999,2.980449409484863,0.000742125,1.6239680767059328
0.000743,2.975474739074707,0.000743125,1.6090207195281985
0.000744,2.975474739074707,0.000744125,1.628950529098511
0.000745,2.9655253982543943,0.000745125,1.6189856243133547
0.0007459999999999999,2.9854240798950196,0.0007461249999999999,1.6040382671356204
0.0007469999999999999,2.9854240798950196,0.000747125,1.599055814743042
0.000748,2.975474739074707,0.000748125,1.6040382671356204
0.000749,2.980449409484863,0.000749125,1.6090207195281985
